时间,官网数据,BiliBili数据,TapTap数据,合计
2023-03-31 19:59,28157,168992,24316,
2023-03-31 19:59,28164,169123,24334,
2023-03-31 20:00,28174,169413,24358,
2023-03-31 20:00,28174,169413,24358,
2023-03-31 20:01,28186,169635,24390,
2023-03-31 20:02,28194,169994,24412,
2023-03-31 20:03,28204,170220,24428,
2023-03-31 20:04,28225,170417,24452,
2023-03-31 20:05,28237,170626,24477,
2023-03-31 20:07,28250,171022,24506,
2023-03-31 20:08,28262,171218,24536,
2023-03-31 20:09,28274,171515,24563,
2023-03-31 20:10,28287,171749,24588,
2023-03-31 20:11,28303,171988,24608,
2023-03-31 20:12,28316,172243,24630,
2023-03-31 20:14,28334,172736,24673,225743
2023-03-31 20:15,28344,172989,24688,226021
2023-03-31 20:24,28457,175242,24907,228606
2023-03-31 20:25,28470,175407,24923,228800
2023-03-31 20:26,28486,175669,24941,229096
2023-03-31 20:27,28493,175952,24959,229404
2023-03-31 20:28,28500,176153,24990,229643
2023-03-31 20:29,28507,176408,25009,229924
2023-03-31 20:30,28521,176666,25029,230216
2023-03-31 20:31,28531,176947,25058,230536
2023-03-31 20:32,28547,177245,25084,230876
2023-03-31 20:33,28557,177440,25108,231105
2023-03-31 20:34,28571,177690,25138,231399
2023-03-31 20:35,28590,177936,25156,231682
2023-03-31 20:36,28603,178123,25179,231905
2023-03-31 20:37,28612,178308,25199,232119
2023-03-31 20:38,28621,178494,25216,232331
2023-03-31 20:39,28630,178643,25238,232511
2023-03-31 20:40,28641,178784,25255,232680
2023-03-31 20:42,28658,179058,25288,233004
2023-03-31 20:45,28690,179594,25367,233651
2023-03-31 20:48,28726,180057,25430,234213
2023-03-31 20:50,28750,180410,25473,234633
2023-03-31 20:52,28777,180729,25519,235025
2023-03-31 20:54,28801,181060,25558,235419
2023-03-31 20:56,28815,181339,25599,235753
2023-03-31 20:58,28830,181637,25636,236103
2023-03-31 21:00,28852,181886,25677,236415
2023-03-31 21:02,28877,182233,25717,236827
2023-03-31 21:04,28898,182541,25760,237199
2023-03-31 21:06,28924,182857,25810,237591
2023-03-31 21:08,28951,183182,25858,237991
2023-03-31 21:10,28977,183467,25895,238339
2023-03-31 21:13,28996,183794,25940,238730
2023-03-31 21:14,29016,184199,25986,239201
2023-03-31 21:15,29027,184501,26014,239542
2023-03-31 21:16,29040,184748,26034,239822
2023-03-31 21:17,29055,185031,26068,240154
2023-03-31 21:18,29071,185283,26099,240453
2023-03-31 21:19,29087,185627,26121,240835
2023-03-31 21:20,29094,185908,26150,241152
2023-03-31 21:21,29099,186173,26180,241452
2023-03-31 21:22,29111,186460,26201,241772
2023-03-31 21:23,29133,186751,26231,242115
2023-03-31 21:24,29145,187038,26247,242430
2023-03-31 21:26,29157,187353,26271,242781
2023-03-31 21:26,29164,187510,26544,243218
2023-03-31 21:27,29177,187773,26575,243525
2023-03-31 21:28,29195,188085,26604,243884
2023-03-31 21:29,29217,188363,26630,244210
2023-03-31 21:30,29225,188671,26652,244548
2023-03-31 21:31,29246,188963,26678,244887
2023-03-31 21:32,29262,189205,26705,245172
2023-03-31 21:33,29272,189482,26733,245487
2023-03-31 21:34,29284,189748,26755,245787
2023-03-31 21:35,29300,190009,26783,246092
2023-03-31 21:36,29307,190327,26810,246444
2023-03-31 21:36,29309,190343,26810,246462
2023-03-31 21:38,29318,190630,26855,246803
2023-03-31 21:39,29327,190926,26879,247132
2023-03-31 21:40,29339,191206,26902,247447
2023-03-31 21:41,29352,191479,26933,247764
2023-03-31 21:42,29361,191760,26969,248090
2023-03-31 21:43,29370,192019,26995,248384
2023-03-31 21:44,29382,192282,27021,248685
2023-03-31 21:45,29395,192554,27050,248999
2023-03-31 21:46,29410,192826,27076,249312
2023-03-31 21:47,29428,193060,27099,249587
2023-03-31 21:48,29451,193378,27124,249953
2023-03-31 21:49,29464,193669,27148,250281
2023-03-31 21:50,29480,193928,27179,250587
2023-03-31 21:51,29494,194260,27216,250970
2023-03-31 21:52,29508,194530,27247,251285
2023-03-31 21:53,29522,194805,27275,251602
2023-03-31 21:54,29533,195086,27300,251919
2023-03-31 21:55,29546,195371,27331,252248
2023-03-31 21:56,29558,195660,27366,252584
2023-03-31 21:57,29567,195956,27401,252924
2023-03-31 21:58,29584,196270,27432,253286
2023-03-31 21:59,29598,196550,27461,253609
2023-03-31 22:00,29612,196832,27494,253938
2023-03-31 22:01,29626,197119,27515,254260
2023-03-31 22:02,29635,197385,27545,254565
2023-03-31 22:03,29649,197684,27573,254906
2023-03-31 22:04,29662,197959,27601,255222
2023-03-31 22:05,29673,198261,27627,255561
2023-03-31 22:06,29685,198517,27658,255860
2023-03-31 22:07,29694,198829,27690,256213
2023-03-31 22:08,29702,199098,27722,256522
2023-03-31 22:09,29708,199351,27751,256810
2023-03-31 22:10,29719,199604,27770,257093
2023-03-31 22:11,29731,199894,27798,257423
2023-03-31 22:12,29742,200202,27825,257769
2023-03-31 22:14,29752,200480,27854,258086
2023-03-31 22:15,29763,200763,27889,258415
2023-03-31 22:16,29781,201020,27915,258716
2023-03-31 22:17,29797,201271,27946,259014
2023-03-31 22:18,29809,201609,27971,259389
2023-03-31 22:19,29829,201887,28012,259728
2023-03-31 22:20,29845,202134,28047,260026
2023-03-31 22:21,29872,202487,28076,260435
2023-03-31 22:22,29886,202779,28109,260774
2023-03-31 22:23,29898,203044,28137,261079
2023-03-31 22:24,29917,203359,28161,261437
2023-03-31 22:25,29934,203656,28188,261778
2023-03-31 22:26,29947,203957,28206,262110
2023-03-31 22:27,29957,204269,28225,262451
2023-03-31 22:28,29965,204531,28250,262746
2023-03-31 22:29,29978,204811,28279,263068
2023-03-31 22:30,29991,205097,28309,263397
2023-03-31 22:31,30003,205384,28333,263720
2023-03-31 22:32,30016,205619,28362,263997
2023-03-31 22:33,30027,205921,28381,264329
2023-03-31 22:34,30042,206206,28405,264653
2023-03-31 22:35,30058,206479,28436,264973
2023-03-31 22:36,30072,206761,28466,265299
2023-03-31 22:37,30082,207089,28493,265664
2023-03-31 22:38,30095,207384,28528,266007
2023-03-31 22:39,30107,207714,28559,266380
2023-03-31 22:40,30126,208003,28597,266726
2023-03-31 22:41,30140,208280,28628,267048
2023-03-31 22:42,30159,208514,28657,267330
2023-03-31 22:43,30172,208832,28700,267704
2023-03-31 22:44,30179,209131,28732,268042
2023-03-31 22:45,30195,209411,28757,268363
2023-03-31 22:46,30197,209676,28778,268651
2023-03-31 22:48,30209,209929,28813,268951
2023-03-31 22:49,30221,210206,28841,269268
2023-03-31 22:50,30235,210508,28865,269608
2023-03-31 22:51,30242,210791,28893,269926
2023-03-31 22:52,30254,211091,28909,270254
2023-03-31 22:53,30268,211383,28947,270598
2023-03-31 22:54,30285,211649,28983,270917
2023-03-31 22:55,30298,211932,29009,271239
2023-03-31 22:56,30313,212183,29043,271539
2023-03-31 22:57,30333,212465,29074,271872
2023-03-31 22:58,30346,212727,29108,272181
2023-03-31 22:59,30360,212994,29137,272491
2023-03-31 23:00,30375,213289,29176,272840
2023-03-31 23:01,30386,213545,29200,273131
2023-03-31 23:02,30397,213838,29226,273461
2023-03-31 23:03,30405,214097,29247,273749
2023-03-31 23:04,30416,214337,29268,274021
2023-03-31 23:05,30430,214599,29293,274322
2023-03-31 23:06,30442,214847,29317,274606
2023-03-31 23:07,30449,215042,29344,274835
2023-03-31 23:08,30465,215267,29384,275116
2023-03-31 23:09,30476,215507,29416,275399
2023-03-31 23:10,30490,215727,29449,275666
2023-03-31 23:11,30500,215953,29479,275932
2023-03-31 23:12,30512,216101,29505,276118
2023-03-31 23:13,30522,216370,29529,276421
2023-03-31 23:14,30537,216580,29546,276663
2023-03-31 23:15,30548,216853,29583,276984
2023-03-31 23:16,30561,217041,29613,277215
2023-03-31 23:17,30569,217262,29642,277473
2023-03-31 23:18,30585,217458,29663,277706
2023-03-31 23:19,30598,217654,29680,277932
2023-03-31 23:20,30614,217849,29717,278180
2023-03-31 23:22,30625,218059,29747,278431
2023-03-31 23:23,30633,218301,29768,278702
2023-03-31 23:24,30641,218493,29796,278930
2023-03-31 23:25,30649,218716,29817,279182
2023-03-31 23:26,30664,218907,29842,279413
2023-03-31 23:27,30671,218925,29869,279465
2023-03-31 23:28,30679,219271,29896,279846
2023-03-31 23:29,30690,219463,29930,280083
2023-03-31 23:30,30701,219688,29963,280352
2023-03-31 23:31,30721,219881,29992,280594
2023-03-31 23:32,30729,220058,30016,280803
2023-03-31 23:33,30738,220278,30034,281050
2023-03-31 23:34,30748,220493,30064,281305
2023-03-31 23:35,30756,220662,30093,281511
2023-03-31 23:37,30779,221073,30154,282006
2023-03-31 23:38,30791,221229,30180,282200
2023-03-31 23:39,30804,221448,30207,282459
2023-03-31 23:40,30816,221646,30234,282696
2023-03-31 23:41,30825,221827,30255,282907
2023-03-31 23:42,30831,221999,30280,283110
2023-03-31 23:43,30846,222171,30302,283319
2023-03-31 23:44,30857,222306,30327,283490
2023-03-31 23:45,30861,222399,30350,283610
2023-03-31 23:46,30870,222673,30378,283921
2023-03-31 23:47,30879,222849,30407,284135
2023-03-31 23:48,30887,223035,30430,284352
2023-03-31 23:49,30901,223219,30453,284573
2023-03-31 23:50,30913,223424,30482,284819
2023-03-31 23:51,30922,223542,30507,284971
2023-03-31 23:52,30934,223745,30524,285203
2023-03-31 23:53,30951,223905,30547,285403
2023-03-31 23:54,30963,224129,30569,285661
2023-03-31 23:55,30976,224238,30592,285806
2023-03-31 23:56,30982,224459,30616,286057
2023-03-31 23:57,30991,224602,30644,286237
2023-03-31 23:58,31005,224809,30676,286490
2023-03-31 23:59,31015,224968,30696,286679
2023-04-01 00:00,31021,225146,30724,286891
2023-04-01 00:01,31029,225308,30738,287075
2023-04-01 00:02,31035,225471,30767,287273
2023-04-01 00:03,31044,225625,30787,287456
2023-04-01 00:04,31055,225763,30816,287634
2023-04-01 00:05,31065,225933,30846,287844
2023-04-01 00:06,31074,226041,30871,287986
2023-04-01 00:07,31084,226176,30895,288155
2023-04-01 00:08,31095,226317,30914,288326
2023-04-01 00:09,31105,226442,30939,288486
2023-04-01 00:10,31110,226606,30958,288674
2023-04-01 00:11,31119,226774,30980,288873
2023-04-01 00:12,31129,226911,31017,289057
2023-04-01 00:13,31135,227082,31038,289255
2023-04-01 00:14,31143,227211,31064,289418
2023-04-01 00:15,31153,227364,31085,289602
2023-04-01 00:17,31162,227567,31106,289835
2023-04-01 00:18,31174,227711,31130,290015
2023-04-01 00:19,31183,227859,31154,290196
2023-04-01 00:20,31188,228058,31169,290415
2023-04-01 00:21,31195,228242,31189,290626
2023-04-01 00:22,31200,228404,31215,290819
2023-04-01 00:23,31206,228529,31245,290980
2023-04-01 00:24,31209,228711,31272,291192
2023-04-01 00:25,31213,228868,31301,291382
2023-04-01 00:26,31221,229042,31324,291587
2023-04-01 00:27,31230,229150,31336,291716
2023-04-01 00:28,31239,229292,31360,291891
2023-04-01 00:29,31248,229495,31390,292133
2023-04-01 00:30,31253,229647,31418,292318
2023-04-01 00:31,31261,229731,31438,292430
2023-04-01 00:32,31268,229932,31456,292656
2023-04-01 00:33,31276,230063,31474,292813
2023-04-01 00:34,31285,230179,31506,292970
2023-04-01 00:35,31291,230365,31537,293193
2023-04-01 00:36,31300,230558,31559,293417
2023-04-01 00:37,31308,230663,31589,293560
2023-04-01 00:38,31318,230854,31610,293782
2023-04-01 00:39,31325,231001,31632,293958
2023-04-01 00:40,31332,231176,31661,294169
2023-04-01 00:41,31336,231326,31682,294344
2023-04-01 00:42,31340,231411,31702,294453
2023-04-01 00:43,31346,231638,31723,294707
2023-04-01 00:44,31353,231755,31745,294853
2023-04-01 00:45,31355,231854,31764,294973
2023-04-01 00:46,31362,232005,31794,295161
2023-04-01 00:47,31371,232164,31814,295349
2023-04-01 00:48,31374,232312,31831,295517
2023-04-01 00:49,31380,232418,31857,295655
2023-04-01 00:50,31384,232519,31876,295779
2023-04-01 00:51,31391,232674,31900,295965
2023-04-01 00:52,31398,232825,31923,296146
2023-04-01 00:53,31406,232906,31950,296262
2023-04-01 00:54,31410,232966,31969,296345
2023-04-01 00:55,31417,233184,31994,296595
2023-04-01 00:56,31424,233307,32019,296750
2023-04-01 00:57,31431,233432,32036,296899
2023-04-01 00:58,31437,233460,32060,296957
2023-04-01 00:59,31443,233631,32085,297159
2023-04-01 01:00,31448,233740,32106,297294
2023-04-01 01:01,31456,233829,32123,297408
2023-04-01 01:02,31461,233995,32144,297600
2023-04-01 01:03,31466,234061,32160,297687
2023-04-01 01:04,31469,234143,32182,297794
2023-04-01 01:05,31477,234326,32198,298001
2023-04-01 01:06,31479,234451,32219,298149
2023-04-01 01:07,31481,234538,32242,298261
2023-04-01 01:08,31484,234644,32264,298392
2023-04-01 01:09,31487,234712,32286,298485
2023-04-01 01:10,31493,234859,32313,298665
2023-04-01 01:11,31497,235000,32337,298834
2023-04-01 01:12,31502,235092,32353,298947
2023-04-01 01:13,31506,235176,32369,299051
2023-04-01 01:14,31510,235262,32393,299165
2023-04-01 01:15,31518,235334,32406,299258
2023-04-01 01:16,31523,235392,32423,299338
2023-04-01 01:17,31526,235507,32444,299477
2023-04-01 01:18,31527,235654,32458,299639
2023-04-01 01:19,31530,235761,32475,299766
2023-04-01 01:20,31535,235814,32498,299847
2023-04-01 01:22,31540,235956,32525,300021
2023-04-01 01:23,31546,235956,32541,300043
2023-04-01 01:24,31550,236044,32563,300157
2023-04-01 01:25,31555,236210,32578,300343
2023-04-01 01:26,31557,236296,32601,300454
2023-04-01 01:27,31559,236331,32616,300506
2023-04-01 01:28,31563,236437,32641,300641
2023-04-01 01:29,31568,236493,32665,300726
2023-04-01 01:30,31570,236547,32685,300802
2023-04-01 01:31,31579,236547,32700,300826
2023-04-01 01:32,31582,236771,32714,301067
2023-04-01 01:33,31588,236810,32736,301134
2023-04-01 01:34,31593,236978,32752,301323
2023-04-01 01:35,31599,236978,32764,301341
2023-04-01 01:36,31599,237091,32776,301466
2023-04-01 01:37,31602,237091,32789,301482
2023-04-01 01:38,31605,237241,32806,301652
2023-04-01 01:39,31606,237301,32820,301727
2023-04-01 01:40,31612,237301,32828,301741
2023-04-01 01:41,31616,237466,32842,301924
2023-04-01 01:42,31616,237466,32857,301939
2023-04-01 01:43,31621,237624,32869,302114
2023-04-01 01:44,31624,237671,32884,302179
2023-04-01 01:45,31627,237787,32896,302310
2023-04-01 01:46,31631,237848,32912,302391
2023-04-01 01:47,31637,237863,32922,302422
2023-04-01 01:48,31640,237972,32936,302548
2023-04-01 01:49,31641,237972,32951,302564
2023-04-01 01:50,31643,238112,32970,302725
2023-04-01 01:51,31645,238112,32983,302740
2023-04-01 01:52,31649,238243,32994,302886
2023-04-01 01:53,31653,238288,33010,302951
2023-04-01 01:54,31658,238345,33022,303025
2023-04-01 01:55,31659,238428,33036,303123
2023-04-01 01:56,31660,238497,33055,303212
2023-04-01 01:57,31665,238546,33068,303279
2023-04-01 01:58,31667,238546,33082,303295
2023-04-01 01:59,31670,238677,33098,303445
2023-04-01 02:00,31674,238677,33110,303461
2023-04-01 02:01,31675,238756,33118,303549
2023-04-01 02:02,31678,238878,33123,303679
2023-04-01 02:03,31685,238915,33133,303733
2023-04-01 02:04,31687,238979,33150,303816
2023-04-01 02:05,31692,238979,33168,303839
2023-04-01 02:06,31694,239054,33188,303936
2023-04-01 02:07,31695,239054,33202,303951
2023-04-01 02:08,31697,239222,33214,304133
2023-04-01 02:09,31700,239278,33231,304209
2023-04-01 02:10,31702,239286,33244,304232
2023-04-01 02:11,31705,239286,33258,304249
2023-04-01 02:12,31708,239410,33267,304385
2023-04-01 02:13,31712,239478,33281,304471
2023-04-01 02:14,31715,239576,33287,304578
2023-04-01 02:15,31717,239576,33297,304590
2023-04-01 02:16,31717,239677,33314,304708
2023-04-01 02:17,31718,239733,33325,304776
2023-04-01 02:18,31721,239790,33338,304849
2023-04-01 02:19,31723,239818,33347,304888
2023-04-01 02:20,31726,239861,33359,304946
2023-04-01 02:21,31727,239916,33371,305014
2023-04-01 02:22,31730,239971,33383,305084
2023-04-01 02:23,31733,240004,33394,305131
2023-04-01 02:24,31736,240079,33405,305220
2023-04-01 02:25,31742,240118,33417,305277
2023-04-01 02:26,31745,240191,33429,305365
2023-04-01 02:28,31747,240248,33437,305432
2023-04-01 02:29,31749,240287,33450,305486
2023-04-01 02:30,31753,240330,33459,305542
2023-04-01 02:31,31754,240362,33467,305583
2023-04-01 02:32,31755,240401,33478,305634
2023-04-01 02:33,31756,240469,33492,305717
2023-04-01 02:34,31758,240526,33501,305785
2023-04-01 02:35,31758,240541,33504,305803
2023-04-01 02:36,31758,240622,33506,305886
2023-04-01 02:37,31765,240659,33514,305938
2023-04-01 02:38,31768,240677,33522,305967
2023-04-01 02:39,31769,240759,33531,306059
2023-04-01 02:40,31770,240772,33540,306082
2023-04-01 02:41,31772,240831,33552,306155
2023-04-01 02:42,31775,240863,33566,306204
2023-04-01 02:43,31777,240942,33574,306293
2023-04-01 02:44,31778,240942,33578,306298
2023-04-01 02:45,31778,240997,33585,306360
2023-04-01 02:46,31779,241043,33592,306414
2023-04-01 02:47,31779,241043,33598,306420
2023-04-01 02:48,31780,241124,33608,306512
2023-04-01 02:49,31782,241164,33616,306562
2023-04-01 02:50,31783,241164,33626,306573
2023-04-01 02:51,31783,241227,33634,306644
2023-04-01 02:52,31785,241227,33639,306651
2023-04-01 02:53,31787,241304,33651,306742
2023-04-01 02:54,31789,241354,33663,306806
2023-04-01 02:55,31792,241414,33673,306879
2023-04-01 02:56,31795,241455,33678,306928
2023-04-01 02:57,31799,241489,33682,306970
2023-04-01 02:58,31802,241538,33694,307034
2023-04-01 02:59,31805,241559,33706,307070
2023-04-01 03:00,31807,241559,33721,307087
2023-04-01 03:01,31808,241640,33731,307179
2023-04-01 03:02,31810,241666,33744,307220
2023-04-01 03:03,31810,241708,33749,307267
2023-04-01 03:04,31811,241708,33757,307276
2023-04-01 03:05,31816,241782,33762,307360
2023-04-01 03:06,31816,241782,33768,307366
2023-04-01 03:07,31818,241833,33775,307426
2023-04-01 03:08,31818,241851,33782,307451
2023-04-01 03:09,31818,241891,33789,307498
2023-04-01 03:10,31818,241921,33797,307536
2023-04-01 03:11,31818,241959,33798,307575
2023-04-01 03:12,31818,241959,33807,307584
2023-04-01 03:13,31819,242002,33813,307634
2023-04-01 03:14,31820,242064,33824,307708
2023-04-01 03:15,31820,242087,33829,307736
2023-04-01 03:16,31822,242134,33833,307789
2023-04-01 03:17,31825,242143,33840,307808
2023-04-01 03:18,31826,242181,33842,307849
2023-04-01 03:19,31827,242206,33847,307880
2023-04-01 03:20,31828,242252,33860,307940
2023-04-01 03:21,31828,242252,33871,307951
2023-04-01 03:22,31828,242311,33875,308014
2023-04-01 03:23,31829,242311,33885,308025
2023-04-01 03:24,31830,242376,33893,308099
2023-04-01 03:25,31830,242376,33896,308102
2023-04-01 03:26,31832,242407,33905,308144
2023-04-01 03:27,31833,242453,33912,308198
2023-04-01 03:28,31836,242476,33917,308229
2023-04-01 03:29,31836,242476,33922,308234
2023-04-01 03:30,31837,242529,33929,308295
2023-04-01 03:31,31838,242529,33936,308303
2023-04-01 03:32,31840,242572,33943,308355
2023-04-01 03:33,31841,242572,33950,308363
2023-04-01 03:34,31841,242623,33959,308423
2023-04-01 03:35,31843,242648,33966,308457
2023-04-01 03:36,31844,242648,33974,308466
2023-04-01 03:37,31846,242686,33980,308512
2023-04-01 03:38,31847,242713,33984,308544
2023-04-01 03:39,31848,242713,33989,308550
2023-04-01 03:40,31848,242779,33994,308621
2023-04-01 03:41,31849,242779,34001,308629
2023-04-01 03:42,31849,242815,34011,308675
2023-04-01 03:43,31850,242842,34015,308707
2023-04-01 03:44,31852,242842,34019,308713
2023-04-01 03:45,31852,242888,34029,308769
2023-04-01 03:46,31852,242899,34034,308785
2023-04-01 03:47,31853,242933,34036,308822
2023-04-01 03:49,31853,242933,34050,308836
2023-04-01 03:50,31853,242984,34058,308895
2023-04-01 03:51,31854,242984,34066,308904
2023-04-01 03:52,31854,243022,34071,308947
2023-04-01 03:53,31856,243022,34074,308952
2023-04-01 03:54,31857,243065,34077,308999
2023-04-01 03:55,31859,243065,34085,309009
2023-04-01 03:56,31859,243106,34088,309053
2023-04-01 03:57,31862,243106,34096,309064
2023-04-01 03:58,31864,243154,34101,309119
2023-04-01 03:59,31865,243170,34103,309138
2023-04-01 04:00,31865,243170,34109,309144
2023-04-01 04:01,31865,243217,34112,309194
2023-04-01 04:02,31866,243242,34118,309226
2023-04-01 04:03,31866,243242,34125,309233
2023-04-01 04:04,31867,243280,34132,309279
2023-04-01 04:05,31868,243280,34137,309285
2023-04-01 04:06,31868,243318,34142,309328
2023-04-01 04:07,31869,243339,34147,309355
2023-04-01 04:08,31869,243356,34152,309377
2023-04-01 04:09,31872,243381,34153,309406
2023-04-01 04:10,31872,243381,34157,309410
2023-04-01 04:11,31874,243421,34161,309456
2023-04-01 04:12,31875,243421,34168,309464
2023-04-01 04:13,31876,243449,34175,309500
2023-04-01 04:14,31876,243460,34179,309515
2023-04-01 04:15,31876,243478,34182,309536
2023-04-01 04:16,31876,243478,34189,309543
2023-04-01 04:17,31876,243503,34193,309572
2023-04-01 04:18,31878,243516,34196,309590
2023-04-01 04:19,31879,243516,34200,309595
2023-04-01 04:20,31879,243555,34201,309635
2023-04-01 04:21,31879,243584,34206,309669
2023-04-01 04:22,31879,243584,34208,309671
2023-04-01 04:23,31880,243623,34211,309714
2023-04-01 04:24,31880,243642,34217,309739
2023-04-01 04:25,31880,243643,34223,309746
2023-04-01 04:26,31880,243643,34230,309753
2023-04-01 04:27,31880,243676,34232,309788
2023-04-01 04:28,31881,243676,34238,309795
2023-04-01 04:29,31882,243714,34242,309838
2023-04-01 04:30,31882,243714,34247,309843
2023-04-01 04:31,31884,243744,34253,309881
2023-04-01 04:32,31885,243763,34253,309901
2023-04-01 04:33,31886,243763,34259,309908
2023-04-01 04:34,31886,243795,34265,309946
2023-04-01 04:35,31886,243795,34269,309950
2023-04-01 04:36,31886,243818,34272,309976
2023-04-01 04:37,31888,243818,34276,309982
2023-04-01 04:38,31891,243849,34279,310019
2023-04-01 04:39,31892,243859,34289,310040
2023-04-01 04:40,31892,243885,34295,310072
2023-04-01 04:41,31892,243885,34300,310077
2023-04-01 04:42,31894,243915,34300,310109
2023-04-01 04:43,31895,243920,34304,310119
2023-04-01 04:44,31895,243920,34306,310121
2023-04-01 04:45,31897,243949,34314,310160
2023-04-01 04:46,31897,243949,34317,310163
2023-04-01 04:47,31897,243971,34320,310188
2023-04-01 04:48,31898,243971,34321,310190
2023-04-01 04:49,31899,243971,34326,310196
2023-04-01 04:50,31899,244013,34331,310243
2023-04-01 04:51,31900,244013,34336,310249
2023-04-01 04:52,31900,244042,34341,310283
2023-04-01 04:53,31902,244065,34343,310310
2023-04-01 04:54,31902,244069,34348,310319
2023-04-01 04:55,31902,244087,34350,310339
2023-04-01 04:56,31902,244087,34352,310341
2023-04-01 04:57,31904,244106,34359,310369
2023-04-01 04:58,31905,244106,34362,310373
2023-04-01 04:59,31905,244131,34366,310402
2023-04-01 05:00,31905,244131,34369,310405
2023-04-01 05:01,31905,244162,34369,310436
2023-04-01 05:02,31905,244162,34374,310441
2023-04-01 05:03,31906,244182,34377,310465
2023-04-01 05:04,31906,244182,34385,310473
2023-04-01 05:05,31906,244209,34392,310507
2023-04-01 05:06,31906,244209,34396,310511
2023-04-01 05:07,31906,244242,34400,310548
2023-04-01 05:08,31906,244242,34403,310551
2023-04-01 05:09,31906,244271,34407,310584
2023-04-01 05:10,31907,244292,34411,310610
2023-04-01 05:11,31907,244292,34412,310611
2023-04-01 05:12,31907,244314,34418,310639
2023-04-01 05:13,31907,244314,34420,310641
2023-04-01 05:14,31907,244336,34426,310669
2023-04-01 05:15,31908,244336,34431,310675
2023-04-01 05:17,31909,244356,34432,310697
2023-04-01 05:18,31910,244371,34438,310719
2023-04-01 05:19,31910,244371,34443,310724
2023-04-01 05:20,31910,244394,34446,310750
2023-04-01 05:21,31910,244394,34448,310752
2023-04-01 05:22,31912,244422,34450,310784
2023-04-01 05:23,31912,244422,34453,310787
2023-04-01 05:24,31912,244441,34457,310810
2023-04-01 05:25,31912,244441,34461,310814
2023-04-01 05:26,31912,244475,34465,310852
2023-04-01 05:27,31913,244475,34471,310859
2023-04-01 05:28,31914,244511,34475,310900
2023-04-01 05:29,31914,244512,34477,310903
2023-04-01 05:30,31916,244535,34483,310934
2023-04-01 05:31,31916,244535,34488,310939
2023-04-01 05:32,31916,244561,34492,310969
2023-04-01 05:33,31916,244561,34492,310969
2023-04-01 05:34,31916,244589,34499,311004
2023-04-01 05:35,31917,244593,34507,311017
2023-04-01 05:36,31918,244593,34513,311024
2023-04-01 05:37,31918,244629,34517,311064
2023-04-01 05:38,31919,244629,34520,311068
2023-04-01 05:39,31919,244670,34521,311110
2023-04-01 05:40,31920,244670,34521,311111
2023-04-01 05:41,31920,244696,34527,311143
2023-04-01 05:42,31920,244696,34527,311143
2023-04-01 05:43,31921,244722,34535,311178
2023-04-01 05:44,31922,244722,34536,311180
2023-04-01 05:45,31922,244758,34541,311221
2023-04-01 05:46,31923,244758,34549,311230
2023-04-01 05:47,31924,244791,34552,311267
2023-04-01 05:48,31925,244791,34555,311271
2023-04-01 05:49,31925,244828,34560,311313
2023-04-01 05:50,31926,244828,34566,311320
2023-04-01 05:51,31929,244852,34570,311351
2023-04-01 05:52,31929,244852,34572,311353
2023-04-01 05:53,31930,244887,34576,311393
2023-04-01 05:54,31931,244887,34582,311400
2023-04-01 05:55,31931,244914,34585,311430
2023-04-01 05:56,31931,244950,34589,311470
2023-04-01 05:57,31936,244950,34594,311480
2023-04-01 05:58,31936,245009,34599,311544
2023-04-01 05:59,31936,245009,34602,311547
2023-04-01 06:00,31937,245048,34608,311593
2023-04-01 06:01,31938,245048,34613,311599
2023-04-01 06:02,31938,245097,34621,311656
2023-04-01 06:03,31939,245124,34627,311690
2023-04-01 06:04,31940,245124,34637,311701
2023-04-01 06:05,31940,245159,34646,311745
2023-04-01 06:06,31941,245159,34654,311754
2023-04-01 06:07,31941,245197,34660,311798
2023-04-01 06:08,31941,245223,34668,311832
2023-04-01 06:09,31941,245223,34673,311837
2023-04-01 06:10,31943,245267,34678,311888
2023-04-01 06:11,31944,245267,34685,311896
2023-04-01 06:12,31946,245295,34692,311933
2023-04-01 06:13,31947,245347,34702,311996
2023-04-01 06:14,31948,245347,34708,312003
2023-04-01 06:15,31951,245394,34714,312059
2023-04-01 06:16,31951,245394,34723,312068
2023-04-01 06:17,31952,245420,34730,312102
2023-04-01 06:18,31954,245458,34739,312151
2023-04-01 06:19,31955,245458,34745,312158
2023-04-01 06:20,31955,245509,34751,312215
2023-04-01 06:21,31955,245509,34756,312220
2023-04-01 06:22,31957,245562,34762,312281
2023-04-01 06:23,31959,245562,34770,312291
2023-04-01 06:24,31963,245610,34782,312355
2023-04-01 06:25,31964,245610,34790,312364
2023-04-01 06:26,31965,245651,34799,312415
2023-04-01 06:27,31965,245663,34806,312434
2023-04-01 06:28,31966,245663,34813,312442
2023-04-01 06:29,31968,245723,34821,312512
2023-04-01 06:30,31968,245723,34827,312518
2023-04-01 06:31,31969,245784,34838,312591
2023-04-01 06:32,31972,245817,34846,312635
2023-04-01 06:33,31976,245817,34851,312644
2023-04-01 06:34,31976,245881,34857,312714
2023-04-01 06:35,31977,245926,34861,312764
2023-04-01 06:36,31978,245926,34873,312777
2023-04-01 06:38,31979,245990,34878,312847
2023-04-01 06:39,31979,246039,34888,312906
2023-04-01 06:40,31980,246039,34900,312919
2023-04-01 06:41,31980,246093,34910,312983
2023-04-01 06:42,31981,246093,34921,312995
2023-04-01 06:43,31983,246170,34933,313086
2023-04-01 06:44,31983,246206,34937,313126
2023-04-01 06:45,31987,246206,34945,313138
2023-04-01 06:46,31987,246273,34953,313213
2023-04-01 06:47,31987,246319,34961,313267
2023-04-01 06:48,31987,246319,34973,313279
2023-04-01 06:49,31988,246382,34983,313353
2023-04-01 06:50,31990,246382,34994,313366
2023-04-01 06:51,31992,246475,35008,313475
2023-04-01 06:52,31994,246509,35016,313519
2023-04-01 06:53,31997,246509,35029,313535
2023-04-01 06:54,31999,246582,35043,313624
2023-04-01 06:55,32002,246582,35052,313636
2023-04-01 06:56,32005,246666,35071,313742
2023-04-01 06:57,32010,246666,35081,313757
2023-04-01 06:58,32011,246744,35095,313850
2023-04-01 06:59,32012,246768,35106,313886
2023-04-01 07:00,32013,246827,35122,313962
2023-04-01 07:01,32016,246862,35134,314012
2023-04-01 07:02,32016,246862,35144,314022
2023-04-01 07:03,32017,246934,35158,314109
2023-04-01 07:04,32019,246934,35176,314129
2023-04-01 07:05,32020,247042,35187,314249
2023-04-01 07:06,32021,247042,35205,314268
2023-04-01 07:07,32022,247158,35220,314400
2023-04-01 07:08,32022,247158,35231,314411
2023-04-01 07:09,32022,247249,35238,314509
2023-04-01 07:10,32023,247309,35255,314587
2023-04-01 07:11,32023,247309,35267,314599
2023-04-01 07:12,32024,247385,35284,314693
2023-04-01 07:13,32025,247454,35297,314776
2023-04-01 07:14,32025,247454,35311,314790
2023-04-01 07:15,32028,247523,35324,314875
2023-04-01 07:16,32030,247523,35339,314892
2023-04-01 07:17,32031,247611,35357,314999
2023-04-01 07:18,32033,247692,35366,315091
2023-04-01 07:19,32034,247725,35383,315142
2023-04-01 07:20,32035,247764,35393,315192
2023-04-01 07:21,32037,247764,35406,315207
2023-04-01 07:22,32038,247854,35419,315311
2023-04-01 07:23,32042,247854,35430,315326
2023-04-01 07:24,32043,247950,35441,315434
2023-04-01 07:25,32043,247950,35455,315448
2023-04-01 07:26,32044,248049,35472,315565
2023-04-01 07:27,32045,248049,35492,315586
2023-04-01 07:28,32046,248170,35508,315724
2023-04-01 07:29,32048,248170,35527,315745
2023-04-01 07:30,32048,248269,35541,315858
2023-04-01 07:31,32050,248269,35561,315880
2023-04-01 07:32,32052,248357,35576,315985
2023-04-01 07:33,32054,248357,35588,315999
2023-04-01 07:34,32055,248475,35612,316142
2023-04-01 07:35,32057,248534,35630,316221
2023-04-01 07:36,32057,248586,35649,316292
2023-04-01 07:37,32061,248616,35662,316339
2023-04-01 07:38,32063,248673,35673,316409
2023-04-01 07:39,32066,248673,35690,316429
2023-04-01 07:40,32068,248792,35705,316565
2023-04-01 07:41,32070,248792,35715,316577
2023-04-01 07:42,32071,248926,35729,316726
2023-04-01 07:43,32072,248948,35742,316762
2023-04-01 07:44,32074,249045,35755,316874
2023-04-01 07:45,32077,249045,35766,316888
2023-04-01 07:46,32080,249148,35795,317023
2023-04-01 07:47,32081,249164,35814,317059
2023-04-01 07:48,32082,249164,35831,317077
2023-04-01 07:49,32082,249327,35847,317256
2023-04-01 07:50,32087,249385,35859,317331
2023-04-01 07:51,32092,249385,35875,317352
2023-04-01 07:52,32096,249449,35899,317444
2023-04-01 07:53,32099,249549,35911,317559
2023-04-01 07:54,32100,249624,35930,317654
2023-04-01 07:55,32104,249624,35936,317664
2023-04-01 07:56,32110,249722,35953,317785
2023-04-01 07:57,32116,249722,35969,317807
2023-04-01 07:58,32118,249839,35988,317945
2023-04-01 07:59,32118,249928,36010,318056
2023-04-01 08:01,32120,250004,36034,318158
2023-04-01 08:02,32124,250050,36051,318225
2023-04-01 08:03,32127,250098,36065,318290
2023-04-01 08:04,32128,250161,36075,318364
2023-04-01 08:05,32129,250249,36093,318471
2023-04-01 08:06,32132,250255,36121,318508
2023-04-01 08:07,32133,250255,36141,318529
2023-04-01 08:08,32133,250420,36147,318700
2023-04-01 08:09,32136,250445,36175,318756
2023-04-01 08:10,32139,250549,36192,318880
2023-04-01 08:11,32140,250616,36211,318967
2023-04-01 08:12,32143,250616,36232,318991
2023-04-01 08:13,32146,250738,36250,319134
2023-04-01 08:14,32149,250803,36270,319222
2023-04-01 08:15,32151,250803,36282,319236
2023-04-01 08:16,32152,250942,36304,319398
2023-04-01 08:17,32153,250942,36321,319416
2023-04-01 08:18,32156,251082,36343,319581
2023-04-01 08:19,32156,251152,36361,319669
2023-04-01 08:20,32159,251200,36384,319743
2023-04-01 08:21,32162,251274,36413,319849
2023-04-01 08:22,32167,251343,36429,319939
2023-04-01 08:23,32174,251378,36442,319994
2023-04-01 08:24,32176,251499,36464,320139
2023-04-01 08:25,32182,251557,36481,320220
2023-04-01 08:26,32185,251557,36498,320240
2023-04-01 08:27,32190,251685,36514,320389
2023-04-01 08:28,32197,251685,36533,320415
2023-04-01 08:29,32201,251809,36553,320563
2023-04-01 08:30,32209,251809,36581,320599
2023-04-01 08:31,32218,251962,36602,320782
2023-04-01 08:32,32221,252031,36620,320872
2023-04-01 08:33,32227,252031,36636,320894
2023-04-01 08:34,32231,252171,36657,321059
2023-04-01 08:35,32237,252171,36675,321083
2023-04-01 08:36,32240,252317,36697,321254
2023-04-01 08:37,32241,252366,36728,321335
2023-04-01 08:38,32243,252366,36742,321351
2023-04-01 08:39,32244,252479,36768,321491
2023-04-01 08:40,32245,252479,36799,321523
2023-04-01 08:41,32248,252627,36816,321691
2023-04-01 08:42,32251,252735,36835,321821
2023-04-01 08:43,32255,252808,36858,321921
2023-04-01 08:44,32259,252855,36874,321988
2023-04-01 08:45,32262,252903,36897,322062
2023-04-01 08:46,32265,253031,36917,322213
2023-04-01 08:47,32269,253031,36941,322241
2023-04-01 08:48,32274,253158,36963,322395
2023-04-01 08:49,32274,253230,36974,322478
2023-04-01 08:50,32279,253310,37003,322592
2023-04-01 08:51,32283,253375,37034,322692
2023-04-01 08:52,32284,253375,37057,322716
2023-04-01 08:53,32289,253527,37088,322904
2023-04-01 08:54,32295,253605,37110,323010
2023-04-01 08:55,32298,253664,37140,323102
2023-04-01 08:56,32301,253748,37165,323214
2023-04-01 08:57,32304,253748,37199,323251
2023-04-01 08:58,32310,253890,37213,323413
2023-04-01 08:59,32313,253972,37240,323525
2023-04-01 09:00,32320,254006,37270,323596
2023-04-01 09:01,32324,254006,37291,323621
2023-04-01 09:02,32329,254126,37320,323775
2023-04-01 09:03,32334,254126,37353,323813
2023-04-01 09:04,32336,254227,37379,323942
2023-04-01 09:05,32342,254227,37411,323980
2023-04-01 09:06,32345,254439,37439,324223
2023-04-01 09:07,32348,254470,37456,324274
2023-04-01 09:08,32351,254542,37488,324381
2023-04-01 09:09,32359,254542,37514,324415
2023-04-01 09:10,32363,254686,37542,324591
2023-04-01 09:11,32368,254797,37574,324739
2023-04-01 09:12,32371,254877,37590,324838
2023-04-01 09:13,32373,254908,37620,324901
2023-04-01 09:14,32380,255020,37644,325044
2023-04-01 09:15,32383,255111,37679,325173
2023-04-01 09:16,32390,255159,37708,325257
2023-04-01 09:17,32394,255235,37734,325363
2023-04-01 09:18,32402,255235,37770,325407
2023-04-01 09:19,32410,255401,37797,325608
2023-04-01 09:20,32416,255474,37822,325712
2023-04-01 09:21,32420,255558,37851,325829
2023-04-01 09:22,32425,255626,37883,325934
2023-04-01 09:23,32428,255715,37913,326056
2023-04-01 09:24,32432,255792,37941,326165
2023-04-01 09:26,32434,255899,37965,326298
2023-04-01 09:27,32441,255985,37989,326415
2023-04-01 09:28,32442,255985,38011,326438
2023-04-01 09:29,32446,256099,38034,326579
2023-04-01 09:30,32449,256184,38059,326692
2023-04-01 09:31,32454,256258,38086,326798
2023-04-01 09:32,32458,256386,38114,326958
2023-04-01 09:33,32463,256462,38139,327064
2023-04-01 09:34,32466,256527,38169,327162
2023-04-01 09:35,32468,256602,38191,327261
2023-04-01 09:36,32473,256698,38213,327384
2023-04-01 09:37,32474,256706,38238,327418
2023-04-01 09:38,32479,256842,38271,327592
2023-04-01 09:39,32482,256893,38298,327673
2023-04-01 09:40,32487,256964,38333,327784
2023-04-01 09:41,32492,256964,38365,327821
2023-04-01 09:42,32496,257151,38399,328046
2023-04-01 09:43,32499,257214,38419,328132
2023-04-01 09:44,32507,257260,38448,328215
2023-04-01 09:45,32513,257313,38464,328290
2023-04-01 09:46,32515,257434,38485,328434
2023-04-01 09:47,32518,257488,38503,328509
2023-04-01 09:48,32521,257583,38524,328628
2023-04-01 09:49,32522,257678,38548,328748
2023-04-01 09:50,32526,257761,38570,328857
2023-04-01 09:51,32528,257841,38589,328958
2023-04-01 09:52,32532,257841,38609,328982
2023-04-01 09:53,32536,257984,38626,329146
2023-04-01 09:54,32539,258030,38656,329225
2023-04-01 09:55,32543,258114,38681,329338
2023-04-01 09:56,32543,258179,38704,329426
2023-04-01 09:57,32549,258288,38727,329564
2023-04-01 09:58,32554,258348,38748,329650
2023-04-01 09:59,32557,258348,38762,329667
2023-04-01 10:00,32560,258500,38790,329850
2023-04-01 10:01,32565,258615,38812,329992
2023-04-01 10:02,32566,258751,38842,330159
2023-04-01 10:03,32569,258863,38861,330293
2023-04-01 10:04,32573,259050,38889,330512
2023-04-01 10:05,32577,259178,38924,330679
2023-04-01 10:06,32581,259279,38963,330823
2023-04-01 10:07,32585,259432,39004,331021
2023-04-01 10:08,32590,259572,39047,331209
2023-04-01 10:09,32594,259698,39084,331376
2023-04-01 10:10,32599,259841,39113,331553
2023-04-01 10:11,32604,259954,39148,331706
2023-04-01 10:12,32612,260062,39187,331861
2023-04-01 10:13,32614,260203,39236,332053
2023-04-01 10:14,32622,260336,39289,332247
2023-04-01 10:15,32625,260379,39339,332343
2023-04-01 10:16,32631,260552,39383,332566
2023-04-01 10:17,32635,260698,39423,332756
2023-04-01 10:18,32642,260767,39474,332883
2023-04-01 10:19,32650,260927,39502,333079
2023-04-01 10:20,32653,261053,39554,333260
2023-04-01 10:21,32658,261192,39601,333451
2023-04-01 10:22,32661,261312,39665,333638
2023-04-01 10:23,32670,261382,39706,333758
2023-04-01 10:24,32674,261542,39751,333967
2023-04-01 10:25,32684,261642,39805,334131
2023-04-01 10:26,32686,261768,39856,334310
2023-04-01 10:27,32689,261861,39902,334452
2023-04-01 10:28,32693,262012,39947,334652
2023-04-01 10:29,32696,262092,39999,334787
2023-04-01 10:30,32702,262233,40064,334999
2023-04-01 10:31,32703,262362,40110,335175
2023-04-01 10:32,32708,262473,40158,335339
2023-04-01 10:33,32712,262571,40201,335484
2023-04-01 10:34,32714,262668,40241,335623
2023-04-01 10:35,32719,262787,40278,335784
2023-04-01 10:36,32727,262901,40317,335945
2023-04-01 10:37,32736,263023,40358,336117
2023-04-01 10:38,32745,263131,40408,336284
2023-04-01 10:39,32751,263186,40440,336377
2023-04-01 10:40,32755,263378,40489,336622
2023-04-01 10:42,32760,263481,40524,336765
2023-04-01 10:43,32767,263587,40571,336925
2023-04-01 10:44,32775,263650,40616,337041
2023-04-01 10:45,32782,263765,40668,337215
2023-04-01 10:46,32786,263912,40707,337405
2023-04-01 10:47,32792,263999,40745,337536
2023-04-01 10:48,32801,264132,40777,337710
2023-04-01 10:49,32804,264256,40821,337881
2023-04-01 10:50,32811,264350,40863,338024
2023-04-01 10:51,32815,264436,40908,338159
2023-04-01 10:52,32821,264556,40946,338323
2023-04-01 10:53,32824,264638,40989,338451
2023-04-01 10:54,32832,264638,41031,338501
2023-04-01 10:55,32839,264896,41065,338800
2023-04-01 10:56,32842,264988,41103,338933
2023-04-01 10:57,32849,265101,41148,339098
2023-04-01 10:57,32850,265139,41176,339165
2023-04-01 10:58,32857,265255,41212,339324
2023-04-01 10:59,32859,265276,41231,339366
2023-04-01 11:00,32865,265415,41265,339545
2023-04-01 11:01,32869,265517,41317,339703
2023-04-01 11:02,32874,265650,41363,339887
2023-04-01 11:03,32879,265749,41393,340021
2023-04-01 11:04,32882,265865,41437,340184
2023-04-01 11:05,32883,265921,41477,340281
2023-04-01 11:06,32887,266067,41512,340466
2023-04-01 11:07,32891,266210,41548,340649
2023-04-01 11:08,32893,266319,41592,340804
2023-04-01 11:09,32900,266428,41623,340951
2023-04-01 11:10,32901,266544,41667,341112
2023-04-01 11:10,32905,266614,41685,341204
2023-04-01 11:11,32909,266729,41731,341369
2023-04-01 11:12,32911,266831,41767,341509
2023-04-01 11:13,32914,266940,41798,341652
2023-04-01 11:15,32915,267062,41841,341818
2023-04-01 11:16,32917,267155,41878,341950
2023-04-01 11:16,32920,267247,41888,342055
2023-04-01 11:17,32927,267402,41937,342266
2023-04-01 11:18,32931,267500,41973,342404
2023-04-01 11:22,32945,267860,42104,342909
2023-04-01 11:23,32950,267965,42150,343065
2023-04-01 11:24,32953,268064,42181,343198
2023-04-01 11:25,32957,268146,42216,343319
2023-04-01 11:26,32961,268278,42257,343496
2023-04-01 11:27,32965,268393,42289,343647
2023-04-01 11:28,32966,268520,42326,343812
2023-04-01 11:29,32968,268619,42362,343949
2023-04-01 11:29,32968,268619,42367,343954
2023-04-01 11:30,32974,268771,42398,344143
2023-04-01 11:31,32977,268863,42440,344280
2023-04-01 11:32,32982,268979,42466,344427
2023-04-01 11:33,32984,269107,42506,344597
2023-04-01 11:34,32994,269208,42548,344750
2023-04-01 11:35,33001,269290,42589,344880
2023-04-01 11:36,33006,269377,42629,345012
2023-04-01 11:37,33009,269542,42668,345219
2023-04-01 11:38,33012,269583,42698,345293
2023-04-01 11:39,33015,269757,42730,345502
2023-04-01 11:40,33019,269868,42760,345647
2023-04-01 11:41,33020,269973,42793,345786
2023-04-01 11:42,33024,270106,42825,345955
2023-04-01 11:43,33028,270174,42869,346071
2023-04-01 11:44,33030,270315,42918,346263
2023-04-01 11:45,33038,270357,42954,346349
2023-04-01 11:46,33045,270540,42999,346584
2023-04-01 11:47,33048,270623,43032,346703
2023-04-01 11:48,33053,270776,43074,346903
2023-04-01 11:49,33058,270893,43112,347063
2023-04-01 11:50,33062,270986,43152,347200
2023-04-01 11:51,33063,271107,43188,347358
2023-04-01 11:52,33074,271255,43224,347553
2023-04-01 11:53,33081,271384,43245,347710
2023-04-01 11:54,33086,271500,43275,347861
2023-04-01 11:55,33091,271592,43315,347998
2023-04-01 11:56,33093,271729,43350,348172
2023-04-01 11:57,33095,271883,43383,348361
2023-04-01 11:58,33099,271997,43417,348513
2023-04-01 11:59,33107,272127,43454,348688
2023-04-01 12:00,33110,272224,43488,348822
2023-04-01 12:01,33113,272349,43534,348996
2023-04-01 12:02,33116,272487,43561,349164
2023-04-01 12:03,33123,272614,43597,349334
2023-04-01 12:05,33124,272735,43619,349478
2023-04-01 12:06,33128,272868,43648,349644
2023-04-01 12:07,33130,273005,43674,349809
2023-04-01 12:08,33130,273137,43718,349985
2023-04-01 12:09,33131,273219,43745,350095
2023-04-01 12:10,33138,273369,43769,350276
2023-04-01 12:11,33141,273529,43804,350474
2023-04-01 12:12,33146,273675,43838,350659
2023-04-01 12:13,33150,273769,43874,350793
2023-04-01 12:14,33155,273902,43905,350962
2023-04-01 12:15,33158,274017,43944,351119
2023-04-01 12:16,33162,274220,43989,351371
2023-04-01 12:17,33164,274313,44018,351495
2023-04-01 12:18,33167,274474,44058,351699
2023-04-01 12:19,33172,274617,44099,351888
2023-04-01 12:20,33176,274708,44127,352011
2023-04-01 12:20,33177,274708,44154,352039
2023-04-01 12:21,33184,274953,44182,352319
2023-04-01 12:22,33188,275119,44214,352521
2023-04-01 12:23,33191,275244,44250,352685
2023-04-01 12:24,33198,275386,44289,352873
2023-04-01 12:25,33200,275519,44317,353036
2023-04-01 12:26,33205,275630,44353,353188
2023-04-01 12:27,33210,275724,44389,353323
2023-04-01 12:28,33212,275872,44429,353513
2023-04-01 12:29,33217,275978,44469,353664
2023-04-01 12:30,33224,276100,44495,353819
2023-04-01 12:32,33227,276202,44535,353964
2023-04-01 12:33,33230,276289,44569,354088
2023-04-01 12:34,33232,276395,44595,354222
2023-04-01 12:35,33233,276518,44623,354374
2023-04-01 12:36,33238,276613,44656,354507
2023-04-01 12:37,33240,276731,44692,354663
2023-04-01 12:38,33241,276866,44726,354833
2023-04-01 12:39,33245,276976,44751,354972
2023-04-01 12:40,33251,277076,44785,355112
2023-04-01 12:41,33252,277190,44821,355263
2023-04-01 12:42,33255,277278,44868,355401
2023-04-01 12:43,33255,277380,44900,355535
2023-04-01 12:44,33263,277493,44942,355698
2023-04-01 12:45,33263,277600,44974,355837
2023-04-01 12:46,33270,277646,45006,355922
2023-04-01 12:47,33274,277798,45035,356107
2023-04-01 12:48,33278,277899,45066,356243
2023-04-01 12:49,33284,277980,45099,356363
2023-04-01 12:50,33286,278146,45137,356569
2023-04-01 12:51,33295,278226,45166,356687
2023-04-01 12:52,33299,278276,45197,356772
2023-04-01 12:53,33302,278444,45228,356974
2023-04-01 12:54,33308,278598,45254,357160
2023-04-01 12:55,33309,278664,45279,357252
2023-04-01 12:56,33311,278752,45306,357369
2023-04-01 12:57,33316,278866,45342,357524
2023-04-01 12:58,33317,278995,45372,357684
2023-04-01 12:59,33324,278995,45401,357720
2023-04-01 13:00,33328,279192,45442,357962
2023-04-01 13:01,33331,279300,45464,358095
2023-04-01 13:02,33333,279362,45487,358182
2023-04-01 13:03,33338,279515,45516,358369
2023-04-01 13:04,33343,279536,45553,358432
2023-04-01 13:05,33345,279682,45589,358616
2023-04-01 13:06,33346,279797,45623,358766
2023-04-01 13:07,33352,279905,45652,358909
2023-04-01 13:08,33355,279959,45679,358993
2023-04-01 13:09,33356,280075,45701,359132
2023-04-01 13:10,33360,280163,45729,359252
2023-04-01 13:11,33364,280241,45762,359367
2023-04-01 13:12,33368,280369,45791,359528
2023-04-01 13:13,33370,280430,45821,359621
2023-04-01 13:15,33375,280538,45857,359770
2023-04-01 13:16,33377,280626,45887,359890
2023-04-01 13:17,33379,280626,45918,359923
2023-04-01 13:18,33384,280752,45934,360070
2023-04-01 13:19,33386,280875,45964,360225
2023-04-01 13:20,33391,280959,45989,360339
2023-04-01 13:21,33394,281076,46015,360485
2023-04-01 13:22,33398,281172,46045,360615
2023-04-01 13:23,33401,281239,46072,360712
2023-04-01 13:24,33407,281280,46112,360799
2023-04-01 13:25,33410,281400,46141,360951
2023-04-01 13:26,33412,281461,46161,361034
2023-04-01 13:27,33413,281554,46187,361154
2023-04-01 13:28,33418,281642,46217,361277
2023-04-01 13:29,33420,281704,46243,361367
2023-04-01 13:30,33425,281798,46268,361491
2023-04-01 13:31,33426,281838,46301,361565
2023-04-01 13:32,33428,281927,46328,361683
2023-04-01 13:33,33432,281993,46358,361783
2023-04-01 13:34,33435,282091,46379,361905
2023-04-01 13:35,33439,282174,46423,362036
2023-04-01 13:36,33444,282279,46458,362181
2023-04-01 13:37,33447,282341,46489,362277
2023-04-01 13:38,33450,282446,46513,362409
2023-04-01 13:39,33455,282531,46533,362519
2023-04-01 13:40,33457,282581,46556,362594
2023-04-01 13:41,33459,282673,46578,362710
2023-04-01 13:42,33461,282718,46606,362785
2023-04-01 13:43,33463,282793,46628,362884
2023-04-01 13:44,33464,282882,46653,362999
2023-04-01 13:45,33468,282955,46674,363097
2023-04-01 13:46,33471,283036,46708,363215
2023-04-01 13:48,33474,283123,46731,363328
2023-04-01 13:49,33477,283207,46752,363436
2023-04-01 13:50,33483,283273,46774,363530
2023-04-01 13:51,33486,283353,46795,363634
2023-04-01 13:53,33496,283400,46830,363726
2023-04-01 13:54,33497,283541,46859,363897
2023-04-01 13:55,33499,283584,46889,363972
2023-04-01 13:56,33503,283682,46907,364092
2023-04-01 13:57,33505,283724,46931,364160
2023-04-01 13:58,33511,283781,46955,364247
2023-04-01 13:59,33514,283800,46975,364289
2023-04-01 14:00,33518,283927,46998,364443
2023-04-01 14:01,33521,283984,47019,364524
2023-04-01 14:02,33522,284024,47040,364586
2023-04-01 14:03,33527,284104,47064,364695
2023-04-01 14:04,33531,284153,47094,364778
2023-04-01 14:05,33536,284211,47116,364863
2023-04-01 14:06,33537,284320,47129,364986
2023-04-01 14:07,33542,284373,47150,365065
2023-04-01 14:08,33548,284454,47172,365174
2023-04-01 14:09,33557,284517,47194,365268
2023-04-01 14:10,33560,284582,47219,365361
2023-04-01 14:11,33561,284582,47242,365385
2023-04-01 14:12,33565,284698,47265,365528
2023-04-01 14:13,33567,284698,47292,365557
2023-04-01 14:14,33568,284826,47309,365703
2023-04-01 14:15,33569,284886,47330,365785
2023-04-01 14:16,33571,284935,47355,365861
2023-04-01 14:17,33575,285041,47373,365989
2023-04-01 14:18,33575,285089,47391,366055
2023-04-01 14:19,33576,285089,47410,366075
2023-04-01 14:20,33580,285189,47429,366198
2023-04-01 14:21,33583,285268,47443,366294
2023-04-01 14:22,33584,285346,47463,366393
2023-04-01 14:23,33591,285417,47481,366489
2023-04-01 14:25,33593,285427,47504,366524
2023-04-01 14:26,33597,285494,47532,366623
2023-04-01 14:27,33599,285607,47553,366759
2023-04-01 14:28,33605,285666,47571,366842
2023-04-01 14:29,33610,285666,47589,366865
2023-04-01 14:30,33613,285795,47614,367022
2023-04-01 14:31,33619,285858,47641,367118
2023-04-01 14:32,33620,285913,47659,367192
2023-04-01 14:33,33622,285956,47678,367256
2023-04-01 14:34,33623,286047,47691,367361
2023-04-01 14:35,33628,286085,47709,367422
2023-04-01 14:36,33631,286133,47742,367506
2023-04-01 14:37,33633,286232,47760,367625
2023-04-01 14:38,33636,286283,47777,367696
2023-04-01 14:39,33638,286303,47800,367741
2023-04-01 14:40,33646,286303,47817,367766
2023-04-01 14:41,33647,286419,47839,367905
2023-04-01 14:42,33649,286536,47860,368045
2023-04-01 14:43,33654,286580,47874,368108
2023-04-01 14:44,33663,286580,47885,368128
2023-04-01 14:45,33666,286675,47926,368267
2023-04-01 14:46,33666,286753,47946,368365
2023-04-01 14:47,33671,286826,47968,368465
2023-04-01 14:48,33672,286875,47993,368540
2023-04-01 14:49,33675,286964,48016,368655
2023-04-01 14:50,33677,287025,48032,368734
2023-04-01 14:51,33683,287025,48058,368766
2023-04-01 14:52,33686,287091,48083,368860
2023-04-01 14:53,33686,287091,48108,368885
2023-04-01 14:54,33688,287280,48131,369099
2023-04-01 14:55,33695,287319,48151,369165
2023-04-01 14:56,33697,287410,48169,369276
2023-04-01 14:57,33701,287473,48190,369364
2023-04-01 14:58,33702,287547,48220,369469
2023-04-01 14:59,33710,287606,48238,369554
2023-04-01 15:00,33713,287687,48257,369657
2023-04-01 15:01,33720,287687,48274,369681
2023-04-01 15:02,33721,287783,48296,369800
2023-04-01 15:03,33724,287876,48323,369923
2023-04-01 15:04,33728,287955,48342,370025
2023-04-01 15:05,33730,288006,48368,370104
2023-04-01 15:06,33734,288064,48386,370184
2023-04-01 15:07,33740,288152,48409,370301
2023-04-01 15:08,33745,288191,48424,370360
2023-04-01 15:09,33749,288253,48447,370449
2023-04-01 15:10,33753,288341,48465,370559
2023-04-01 15:11,33754,288423,48489,370666
2023-04-01 15:12,33757,288476,48508,370741
2023-04-01 15:14,33761,288507,48526,370794
2023-04-01 15:15,33764,288600,48554,370918
2023-04-01 15:16,33768,288636,48573,370977
2023-04-01 15:18,33779,288814,48628,371221
2023-04-01 15:19,33784,288888,48646,371318
2023-04-01 15:20,33786,288951,48668,371405
2023-04-01 15:21,33791,289019,48688,371498
2023-04-01 15:22,33794,289063,48711,371568
2023-04-01 15:23,33801,289100,48737,371638
2023-04-01 15:24,33802,289196,48761,371759
2023-04-01 15:25,33803,289219,48788,371810
2023-04-01 15:26,33806,289302,48809,371917
2023-04-01 15:27,33811,289374,48835,372020
2023-04-01 15:28,33812,289453,48863,372128
2023-04-01 15:29,33818,289474,48891,372183
2023-04-01 15:30,33826,289599,48915,372340
2023-04-01 15:31,33830,289656,48931,372417
2023-04-01 15:32,33831,289745,48948,372524
2023-04-01 15:33,33832,289786,48970,372588
2023-04-01 15:34,33834,289870,48998,372702
2023-04-01 15:35,33836,289914,49022,372772
2023-04-01 15:36,33840,289997,49030,372867
2023-04-01 15:37,33843,290040,49052,372935
2023-04-01 15:38,33847,290040,49072,372959
2023-04-01 15:39,33853,290171,49098,373122
2023-04-01 15:40,33853,290262,49112,373227
2023-04-01 15:41,33856,290284,49134,373274
2023-04-01 15:42,33860,290430,49162,373452
2023-04-01 15:43,33862,290479,49184,373525
2023-04-01 15:44,33865,290496,49206,373567
2023-04-01 15:45,33867,290602,49231,373700
2023-04-01 15:47,33874,290673,49253,373800
2023-04-01 15:48,33877,290727,49268,373872
2023-04-01 15:49,33881,290826,49294,374001
2023-04-01 15:50,33887,290871,49315,374073
2023-04-01 15:51,33887,290871,49334,374092
2023-04-01 15:52,33889,291027,49359,374275
2023-04-01 15:53,33893,291096,49379,374368
2023-04-01 15:54,33896,291166,49406,374468
2023-04-01 15:55,33900,291242,49421,374563
2023-04-01 15:56,33901,291321,49445,374667
2023-04-01 15:57,33904,291400,49463,374767
2023-04-01 15:58,33904,291444,49486,374834
2023-04-01 15:59,33908,291518,49511,374937
2023-04-01 16:00,33915,291588,49530,375033
2023-04-01 16:01,33921,291624,49557,375102
2023-04-01 16:02,33927,291730,49577,375234
2023-04-01 16:03,33930,291730,49603,375263
2023-04-01 16:04,33935,291845,49632,375412
2023-04-01 16:05,33938,291902,49651,375491
2023-04-01 16:06,33941,291936,49670,375547
2023-04-01 16:07,33944,292030,49706,375680
2023-04-01 16:08,33946,292088,49722,375756
2023-04-01 16:09,33951,292167,49737,375855
2023-04-01 16:10,33953,292242,49764,375959
2023-04-01 16:11,33955,292272,49782,376009
2023-04-01 16:12,33957,292335,49805,376097
2023-04-01 16:13,33961,292419,49835,376215
2023-04-01 16:14,33965,292517,49853,376335
2023-04-01 16:15,33970,292550,49868,376388
2023-04-01 16:16,33971,292582,49892,376445
2023-04-01 16:17,33973,292704,49908,376585
2023-04-01 16:18,33974,292710,49927,376611
2023-04-01 16:19,33977,292833,49937,376747
2023-04-01 16:20,33979,292865,49964,376808
2023-04-01 16:21,33984,292910,49979,376873
2023-04-01 16:22,33985,293019,50005,377009
2023-04-01 16:23,33988,293092,50027,377107
2023-04-01 16:24,33991,293156,50050,377197
2023-04-01 16:25,34001,293209,50067,377277
2023-04-01 16:26,34004,293274,50087,377365
2023-04-01 16:27,34009,293302,50095,377406
2023-04-01 16:28,34013,293401,50115,377529
2023-04-01 16:29,34015,293482,50126,377623
2023-04-01 16:30,34018,293507,50150,377675
2023-04-01 16:31,34020,293635,50185,377840
2023-04-01 16:32,34023,293702,50200,377925
2023-04-01 16:33,34027,293702,50215,377944
2023-04-01 16:34,34033,293845,50233,378111
2023-04-01 16:35,34039,293899,50255,378193
2023-04-01 16:36,34042,293964,50269,378275
2023-04-01 16:37,34044,294012,50289,378345
2023-04-01 16:38,34046,294094,50311,378451
2023-04-01 16:39,34049,294140,50325,378514
2023-04-01 16:40,34050,294215,50345,378610
2023-04-01 16:42,34052,294278,50368,378698
2023-04-01 16:43,34056,294350,50392,378798
2023-04-01 16:44,34059,294395,50412,378866
2023-04-01 16:45,34062,294425,50440,378927
2023-04-01 16:45,34062,294425,50440,378927
2023-04-01 16:46,34063,294545,50461,379069
2023-04-01 16:47,34067,294638,50481,379186
2023-04-01 16:48,34070,294687,50502,379259
2023-04-01 16:49,34075,294738,50516,379329
2023-04-01 16:50,34077,294738,50540,379355
2023-04-01 16:51,34080,294905,50560,379545
2023-04-01 16:52,34082,294957,50579,379618
2023-04-01 16:53,34084,295011,50599,379694
2023-04-01 16:54,34085,295084,50622,379791
2023-04-01 16:55,34088,295185,50633,379906
2023-04-01 16:56,34091,295272,50652,380015
2023-04-01 16:57,34096,295337,50675,380108
2023-04-01 16:58,34103,295350,50700,380153
2023-04-01 16:59,34105,295471,50722,380298
2023-04-01 17:00,34109,295534,50735,380378
2023-04-01 17:01,34112,295611,50759,380482
2023-04-01 17:02,34114,295667,50782,380563
2023-04-01 17:03,34115,295750,50799,380664
2023-04-01 17:04,34119,295750,50820,380689
2023-04-01 17:05,34120,295905,50846,380871
2023-04-01 17:06,34123,295956,50877,380956
2023-04-01 17:07,34125,296042,50903,381070
2023-04-01 17:08,34128,296148,50923,381199
2023-04-01 17:09,34129,296190,50942,381261
2023-04-01 17:10,34132,296290,50970,381392
2023-04-01 17:11,34135,296338,50983,381456
2023-04-01 17:12,34137,296434,51011,381582
2023-04-01 17:13,34137,296468,51030,381635
2023-04-01 17:14,34141,296570,51054,381765
2023-04-01 17:15,34144,296570,51068,381782
2023-04-01 17:16,34146,296731,51088,381965
2023-04-01 17:18,34150,296822,51112,382084
2023-04-01 17:19,34152,296857,51127,382136
2023-04-01 17:20,34156,296857,51149,382162
2023-04-01 17:21,34159,297041,51163,382363
2023-04-01 17:22,34162,297041,51179,382382
2023-04-01 17:23,34164,297143,51194,382501
2023-04-01 17:24,34167,297248,51214,382629
2023-04-01 17:25,34172,297248,51234,382654
2023-04-01 17:26,34175,297431,51262,382868
2023-04-01 17:27,34177,297506,51288,382971
2023-04-01 17:28,34179,297521,51302,383002
2023-04-01 17:29,34180,297667,51330,383177
2023-04-01 17:30,34184,297766,51350,383300
2023-04-01 17:31,34184,297838,51376,383398
2023-04-01 17:32,34186,297920,51404,383510
2023-04-01 17:33,34189,297924,51427,383540
2023-04-01 17:34,34193,298054,51459,383706
2023-04-01 17:35,34196,298167,51481,383844
2023-04-01 17:36,34201,298241,51509,383951
2023-04-01 17:37,34202,298312,51530,384044
2023-04-01 17:38,34208,298393,51560,384161
2023-04-01 17:39,34210,298393,51588,384191
2023-04-01 17:40,34212,298521,51594,384327
2023-04-01 17:43,34217,298788,51680,384685
2023-04-01 17:44,34222,298848,51710,384780
2023-04-01 17:45,34223,298938,51736,384897
2023-04-01 17:46,34227,298938,51766,384931
2023-04-01 17:47,34229,299062,51795,385086
2023-04-01 17:48,34233,299161,51822,385216
2023-04-01 17:49,34238,299220,51860,385318
2023-04-01 17:50,34238,299282,51871,385391
2023-04-01 17:50,34239,299282,51871,385392
2023-04-01 17:50,34241,299282,51884,385407
2023-04-01 17:50,34241,299282,51884,385407
2023-04-01 17:51,34243,299418,51907,385568
2023-04-01 17:53,34248,299522,51938,385708
2023-04-01 17:54,34255,299606,51969,385830
2023-04-01 17:55,34256,299707,51986,385949
2023-04-01 17:56,34258,299823,52012,386093
2023-04-01 17:57,34262,299862,52032,386156
2023-04-01 17:58,34268,299991,52057,386316
2023-04-01 17:59,34270,300086,52084,386440
2023-04-01 18:00,34273,300179,52113,386565
2023-04-01 18:01,34275,300284,52140,386699
2023-04-01 18:02,34279,300372,52156,386807
2023-04-01 18:03,34280,300458,52179,386917
2023-04-01 18:04,34284,300470,52202,386956
2023-04-01 18:05,34287,300601,52221,387109
2023-04-01 18:06,34290,300723,52245,387258
2023-04-01 18:07,34292,300787,52280,387359
2023-04-01 18:08,34294,300889,52302,387485
2023-04-01 18:09,34296,300889,52322,387507
2023-04-01 18:10,34300,301009,52343,387652
2023-04-01 18:11,34305,301116,52368,387789
2023-04-01 18:12,34307,301176,52393,387876
2023-04-01 18:13,34308,301293,52415,388016
2023-04-01 18:14,34313,301312,52432,388057
2023-04-01 18:15,34314,301454,52465,388233
2023-04-01 18:16,34322,301497,52492,388311
2023-04-01 18:17,34325,301611,52519,388455
2023-04-01 18:18,34330,301746,52543,388619
2023-04-01 18:19,34336,301838,52571,388745
2023-04-01 18:20,34341,301924,52601,388866
2023-04-01 18:21,34345,302004,52618,388967
2023-04-01 18:22,34348,302081,52635,389064
2023-04-01 18:23,34351,302175,52661,389187
2023-04-01 18:24,34354,302269,52681,389304
2023-04-01 18:25,34357,302333,52707,389397
2023-04-01 18:26,34362,302482,52726,389570
2023-04-01 18:27,34363,302519,52750,389632
2023-04-01 18:28,34365,302647,52766,389778
2023-04-01 18:29,34368,302745,52794,389907
2023-04-01 18:30,34375,302836,52815,390026
2023-04-01 18:31,34378,302912,52838,390128
2023-04-01 18:32,34378,302940,52857,390175
2023-04-01 18:33,34380,303066,52879,390325
2023-04-01 18:34,34382,303066,52896,390344
2023-04-01 18:35,34383,303205,52913,390501
2023-04-01 18:36,34389,303205,52945,390539
2023-04-01 18:37,34392,303382,52966,390740
2023-04-01 18:38,34394,303453,53007,390854
2023-04-01 18:39,34397,303539,53027,390963
2023-04-01 18:40,34399,303632,53053,391084
2023-04-01 18:41,34401,303703,53083,391187
2023-04-01 18:42,34407,303772,53106,391285
2023-04-01 18:43,34413,303847,53127,391387
2023-04-01 18:44,34415,303950,53152,391517
2023-04-01 18:45,34418,303950,53177,391545
2023-04-01 18:46,34422,304133,53203,391758
2023-04-01 18:48,34425,304221,53230,391876
2023-04-01 18:49,34427,304260,53260,391947
2023-04-01 18:50,34428,304381,53281,392090
2023-04-01 18:51,34431,304459,53310,392200
2023-04-01 18:52,34437,304555,53341,392333
2023-04-01 18:53,34439,304630,53372,392441
2023-04-01 18:54,34442,304739,53390,392571
2023-04-01 18:55,34446,304848,53407,392701
2023-04-01 18:56,34449,304929,53425,392803
2023-04-01 18:57,34451,305053,53457,392961
2023-04-01 18:58,34456,305145,53485,393086
2023-04-01 18:59,34458,305207,53507,393172
2023-04-01 19:00,34461,305290,53531,393282
2023-04-01 19:01,34462,305381,53551,393394
2023-04-01 19:02,34467,305381,53573,393421
2023-04-01 19:03,34468,305506,53590,393564
2023-04-01 19:04,34474,305607,53611,393692
2023-04-01 19:05,34481,305718,53628,393827
2023-04-01 19:06,34484,305799,53655,393938
2023-04-01 19:07,34489,305888,53684,394061
2023-04-01 19:08,34494,305994,53705,394193
2023-04-01 19:09,34499,306062,53726,394287
2023-04-01 19:10,34500,306160,53740,394400
2023-04-01 19:11,34504,306218,53756,394478
2023-04-01 19:12,34506,306322,53775,394603
2023-04-01 19:13,34511,306427,53803,394741
2023-04-01 19:14,34516,306459,53823,394798
2023-04-01 19:15,34518,306562,53845,394925
2023-04-01 19:16,34521,306650,53864,395035
2023-04-01 19:17,34522,306710,53885,395117
2023-04-01 19:18,34528,306826,53914,395268
2023-04-01 19:19,34530,306914,53934,395378
2023-04-01 19:20,34531,306959,53957,395447
2023-04-01 19:21,34533,307047,53973,395553
2023-04-01 19:22,34535,307047,53995,395577
2023-04-01 19:23,34540,307186,54014,395740
2023-04-01 19:24,34546,307286,54031,395863
2023-04-01 19:25,34551,307413,54049,396013
2023-04-01 19:26,34557,307479,54068,396104
2023-04-01 19:27,34559,307500,54099,396158
2023-04-01 19:28,34560,307617,54120,396297
2023-04-01 19:29,34562,307675,54148,396385
2023-04-01 19:30,34565,307781,54165,396511
2023-04-01 19:31,34570,307850,54192,396612
2023-04-01 19:32,34574,307970,54213,396757
2023-04-01 19:33,34578,308023,54237,396838
2023-04-01 19:34,34579,308084,54254,396917
2023-04-01 19:35,34580,308189,54286,397055
2023-04-01 19:36,34582,308274,54307,397163
2023-04-01 19:37,34586,308346,54327,397259
2023-04-01 19:38,34590,308428,54347,397365
2023-04-01 19:39,34593,308503,54367,397463
2023-04-01 19:40,34595,308503,54391,397489
2023-04-01 19:41,34600,308668,54414,397682
2023-04-01 19:42,34607,308756,54439,397802
2023-04-01 19:43,34611,308839,54459,397909
2023-04-01 19:44,34615,308907,54493,398015
2023-04-01 19:45,34616,309002,54519,398137
2023-04-01 19:46,34624,309082,54541,398247
2023-04-01 19:47,34626,309175,54569,398370
2023-04-01 19:49,34627,309273,54599,398499
2023-04-01 19:50,34632,309351,54617,398600
2023-04-01 19:51,34634,309436,54642,398712
2023-04-01 19:52,34639,309473,54654,398766
2023-04-01 19:53,34643,309580,54679,398902
2023-04-01 19:54,34647,309669,54697,399013
2023-04-01 19:55,34655,309770,54716,399141
2023-04-01 19:56,34658,309823,54737,399218
2023-04-01 19:57,34661,309913,54756,399330
2023-04-01 19:58,34661,309991,54773,399425
2023-04-01 19:59,34664,310010,54794,399468
2023-04-01 20:00,34668,310010,54814,399492
2023-04-01 20:01,34669,310227,54836,399732
2023-04-01 20:02,34675,310310,54850,399835
2023-04-01 20:03,34681,310356,54872,399909
2023-04-01 20:04,34684,310441,54885,400010
2023-04-01 20:05,34689,310470,54900,400059
2023-04-01 20:06,34693,310590,54913,400196
2023-04-01 20:07,34696,310590,54935,400221
2023-04-01 20:08,34698,310729,54957,400384
2023-04-01 20:09,34701,310729,54972,400402
2023-04-01 20:10,34704,310863,54993,400560
2023-04-01 20:11,34706,310907,55011,400624
2023-04-01 20:12,34710,310985,55035,400730
2023-04-01 20:13,34714,311041,55060,400815
2023-04-01 20:14,34718,311114,55091,400923
2023-04-01 20:15,34723,311114,55108,400945
2023-04-01 20:16,34724,311263,55124,401111
2023-04-01 20:17,34727,311326,55139,401192
2023-04-01 20:18,34733,311385,55159,401277
2023-04-01 20:19,34736,311483,55175,401394
2023-04-01 20:20,34742,311533,55197,401472
2023-04-01 20:21,34744,311613,55214,401571
2023-04-01 20:22,34749,311613,55235,401597
2023-04-01 20:23,34754,311761,55255,401770
2023-04-01 20:24,34756,311827,55276,401859
2023-04-01 20:25,34758,311892,55300,401950
2023-04-01 20:26,34760,311959,55317,402036
2023-04-01 20:27,34763,312059,55339,402161
2023-04-01 20:28,34768,312069,55358,402195
2023-04-01 20:29,34777,312181,55375,402333
2023-04-01 20:30,34778,312227,55393,402398
2023-04-01 20:31,34780,312258,55417,402455
2023-04-01 20:32,34784,312345,55436,402565
2023-04-01 20:33,34786,312405,55464,402655
2023-04-01 20:34,34787,312520,55491,402798
2023-04-01 20:35,34788,312602,55513,402903
2023-04-01 20:36,34790,312703,55535,403028
2023-04-01 20:37,34795,312806,55559,403160
2023-04-01 20:38,34798,312874,55582,403254
2023-04-01 20:39,34800,312928,55605,403333
2023-04-01 20:40,34805,312987,55627,403419
2023-04-01 20:41,34806,313070,55659,403535
2023-04-01 20:42,34806,313135,55687,403628
2023-04-01 20:43,34810,313233,55706,403749
2023-04-01 20:44,34815,313303,55730,403848
2023-04-01 20:45,34819,313350,55754,403923
2023-04-01 20:46,34825,313426,55774,404025
2023-04-01 20:47,34829,313426,55798,404053
2023-04-01 20:48,34831,313583,55821,404235
2023-04-01 20:49,34834,313630,55845,404309
2023-04-01 20:50,34838,313695,55864,404397
2023-04-01 20:51,34844,313788,55891,404523
2023-04-01 20:52,34846,313856,55910,404612
2023-04-01 20:53,34850,313952,55926,404728
2023-04-01 20:54,34851,314003,55944,404798
2023-04-01 20:55,34853,314054,55959,404866
2023-04-01 20:56,34854,314159,55972,404985
2023-04-01 20:57,34858,314216,55996,405070
2023-04-01 20:58,34860,314279,56016,405155
2023-04-01 20:59,34863,314354,56037,405254
2023-04-01 21:01,34868,314466,56057,405391
2023-04-01 21:02,34874,314509,56080,405463
2023-04-01 21:03,34875,314592,56105,405572
2023-04-01 21:04,34879,314642,56125,405646
2023-04-01 21:05,34883,314734,56153,405770
2023-04-01 21:06,34884,314812,56174,405870
2023-04-01 21:07,34885,314877,56196,405958
2023-04-01 21:08,34885,314971,56221,406077
2023-04-01 21:09,34889,315063,56244,406196
2023-04-01 21:10,34889,315084,56269,406242
2023-04-01 21:12,34893,315228,56299,406420
2023-04-01 21:13,34894,315327,56328,406549
2023-04-01 21:15,34897,315412,56357,406666
2023-04-01 21:16,34902,315436,56384,406722
2023-04-01 21:17,34906,315585,56408,406899
2023-04-01 21:18,34907,315630,56429,406966
2023-04-01 21:19,34910,315728,56456,407094
2023-04-01 21:20,34914,315791,56478,407183
2023-04-01 21:21,34919,315852,56500,407271
2023-04-01 21:22,34920,315961,56531,407412
2023-04-01 21:23,34922,316038,56561,407521
2023-04-01 21:24,34927,316050,56583,407560
2023-04-01 21:25,34930,316177,56603,407710
2023-04-01 21:26,34934,316239,56627,407800
2023-04-01 21:27,34940,316316,56661,407917
2023-04-01 21:28,34940,316359,56679,407978
2023-04-01 21:29,34944,316359,56708,408011
2023-04-01 21:30,34945,316525,56730,408200
2023-04-01 21:31,34947,316577,56757,408281
2023-04-01 21:32,34948,316642,56779,408369
2023-04-01 21:33,34951,316701,56808,408460
2023-04-01 21:34,34952,316790,56829,408571
2023-04-01 21:36,34954,316813,56856,408623
2023-04-01 21:37,34956,316921,56877,408754
2023-04-01 21:38,34965,316925,56893,408783
2023-04-01 21:39,34971,317065,56909,408945
2023-04-01 21:40,34972,317065,56925,408962
2023-04-01 21:41,34974,317224,56950,409148
2023-04-01 21:42,34980,317287,56974,409241
2023-04-01 21:43,34982,317386,56992,409360
2023-04-01 21:44,34983,317452,57018,409453
2023-04-01 21:45,34987,317553,57045,409585
2023-04-01 21:46,34988,317583,57067,409638
2023-04-01 21:47,34993,317681,57087,409761
2023-04-01 21:48,34995,317745,57111,409851
2023-04-01 21:49,34997,317819,57132,409948
2023-04-01 21:50,34999,317913,57157,410069
2023-04-01 21:51,35002,317970,57179,410151
2023-04-01 21:52,35008,318056,57211,410275
2023-04-01 21:53,35009,318096,57231,410336
2023-04-01 21:54,35014,318193,57243,410450
2023-04-01 21:55,35016,318236,57269,410521
2023-04-01 21:56,35020,318350,57293,410663
2023-04-01 21:57,35021,318365,57321,410707
2023-04-01 21:58,35024,318498,57350,410872
2023-04-01 21:59,35028,318553,57369,410950
2023-04-01 22:00,35031,318643,57394,411068
2023-04-01 22:01,35034,318720,57421,411175
2023-04-01 22:02,35036,318801,57442,411279
2023-04-01 22:03,35040,318863,57462,411365
2023-04-01 22:04,35045,318928,57480,411453
2023-04-01 22:05,35049,319009,57507,411565
2023-04-01 22:06,35050,319050,57528,411628
2023-04-01 22:07,35052,319165,57553,411770
2023-04-01 22:08,35054,319229,57572,411855
2023-04-01 22:09,35055,319276,57590,411921
2023-04-01 22:10,35059,319276,57626,411961
2023-04-01 22:11,35059,319433,57648,412140
2023-04-01 22:12,35062,319503,57666,412231
2023-04-01 22:13,35066,319587,57686,412339
2023-04-01 22:14,35069,319659,57707,412435
2023-04-01 22:15,35071,319735,57726,412532
2023-04-01 22:16,35073,319800,57749,412622
2023-04-01 22:17,35077,319865,57771,412713
2023-04-01 22:18,35079,319904,57783,412766
2023-04-01 22:19,35085,319968,57802,412855
2023-04-01 22:20,35090,320072,57829,412991
2023-04-01 22:21,35091,320134,57842,413067
2023-04-01 22:22,35093,320232,57867,413192
2023-04-01 22:23,35096,320281,57885,413262
2023-04-01 22:24,35099,320360,57908,413367
2023-04-01 22:25,35100,320455,57922,413477
2023-04-01 22:26,35103,320522,57943,413568
2023-04-01 22:28,35103,320522,57970,413595
2023-04-01 22:29,35108,320672,57982,413762
2023-04-01 22:30,35112,320764,58005,413881
2023-04-01 22:31,35114,320799,58032,413945
2023-04-01 22:32,35117,320909,58054,414080
2023-04-01 22:33,35118,320991,58076,414185
2023-04-01 22:34,35122,321065,58098,414285
2023-04-01 22:35,35123,321127,58121,414371
2023-04-01 22:36,35126,321227,58141,414494
2023-04-01 22:37,35130,321244,58158,414532
2023-04-01 22:38,35132,321348,58184,414664
2023-04-01 22:39,35138,321396,58214,414748
2023-04-01 22:40,35139,321490,58232,414861
2023-04-01 22:41,35141,321553,58255,414949
2023-04-01 22:42,35142,321636,58288,415066
2023-04-01 22:43,35146,321716,58309,415171
2023-04-01 22:44,35147,321716,58332,415195
2023-04-01 22:45,35150,321859,58350,415359
2023-04-01 22:46,35156,321925,58367,415448
2023-04-01 22:47,35158,321975,58383,415516
2023-04-01 22:48,35162,322073,58405,415640
2023-04-01 22:49,35167,322159,58431,415757
2023-04-01 22:50,35170,322223,58458,415851
2023-04-01 22:51,35172,322290,58471,415933
2023-04-01 22:52,35180,322347,58493,416020
2023-04-01 22:53,35183,322441,58513,416137
2023-04-01 22:54,35184,322528,58533,416245
2023-04-01 22:55,35186,322593,58553,416332
2023-04-01 22:56,35186,322670,58576,416432
2023-04-01 22:57,35187,322689,58599,416475
2023-04-01 22:58,35190,322689,58618,416497
2023-04-01 22:59,35195,322886,58638,416719
2023-04-01 23:00,35197,322938,58659,416794
2023-04-01 23:01,35200,323045,58685,416930
2023-04-01 23:02,35202,323109,58698,417009
2023-04-01 23:03,35204,323179,58725,417108
2023-04-01 23:04,35208,323264,58743,417215
2023-04-01 23:05,35209,323321,58761,417291
2023-04-01 23:06,35213,323365,58787,417365
2023-04-01 23:07,35217,323437,58822,417476
2023-04-01 23:08,35219,323510,58842,417571
2023-04-01 23:09,35222,323620,58868,417710
2023-04-01 23:10,35225,323667,58890,417782
2023-04-01 23:11,35228,323745,58907,417880
2023-04-01 23:12,35233,323808,58926,417967
2023-04-01 23:13,35237,323856,58951,418044
2023-04-01 23:14,35237,323930,58972,418139
2023-04-01 23:15,35240,323994,58991,418225
2023-04-01 23:16,35240,323996,59010,418246
2023-04-01 23:17,35241,324146,59021,418408
2023-04-01 23:18,35242,324184,59045,418471
2023-04-01 23:19,35243,324303,59065,418611
2023-04-01 23:21,35247,324324,59081,418652
2023-04-01 23:22,35247,324420,59100,418767
2023-04-01 23:23,35249,324442,59117,418808
2023-04-01 23:24,35253,324575,59140,418968
2023-04-01 23:25,35257,324594,59155,419006
2023-04-01 23:26,35258,324680,59170,419108
2023-04-01 23:27,35264,324777,59189,419230
2023-04-01 23:28,35268,324831,59210,419309
2023-04-01 23:29,35271,324900,59227,419398
2023-04-01 23:30,35271,324996,59241,419508
2023-04-01 23:31,35273,324996,59263,419532
2023-04-01 23:32,35274,325094,59288,419656
2023-04-01 23:33,35277,325180,59312,419769
2023-04-01 23:34,35279,325264,59335,419878
2023-04-01 23:35,35281,325335,59352,419968
2023-04-01 23:36,35284,325360,59372,420016
2023-04-02 11:30,36142,349145,66735,452022
2023-04-02 11:31,36145,349215,66777,452137
