时间,官网数据,实际官网预约人数,BiliBili数据,TapTap数据,合计
2023-04-12 18:08,797229,147109,468360,181760,797229
2023-04-12 18:09,797258,147128,468366,181764,797258
2023-04-12 18:10,797284,147149,468366,181769,797284
2023-04-12 18:11,797311,147167,468370,181774,797311
2023-04-12 18:12,797340,147195,468370,181775,797340
2023-04-12 18:13,797368,147212,468377,181779,797368
2023-04-12 18:14,797395,147232,468377,181786,797395
2023-04-12 18:15,797423,147251,468384,181788,797423
2023-04-12 18:16,797451,147275,468384,181792,797451
2023-04-12 18:17,797479,147296,468387,181796,797479
2023-04-12 18:18,797506,147318,468387,181801,797506
2023-04-12 18:19,797532,147332,468393,181807,797532
2023-04-12 18:20,797560,147354,468393,181813,797560
2023-04-12 18:21,797585,147372,468398,181815,797585
2023-04-12 18:22,797614,147400,468398,181816,797614
2023-04-12 18:23,797640,147417,468405,181818,797640
2023-04-12 18:24,797666,147439,468405,181822,797666
2023-04-12 18:25,797693,147454,468414,181825,797693
2023-04-12 18:26,797720,147479,468414,181827,797720
2023-04-12 18:27,797748,147503,468417,181828,797748
2023-04-12 18:28,797777,147532,468417,181828,797777
2023-04-12 18:29,797804,147537,468428,181839,797804
2023-04-12 18:30,797832,147561,468430,181841,797832
2023-04-12 18:31,797859,147585,468430,181844,797859
2023-04-12 18:32,797888,147603,468437,181848,797888
2023-04-12 18:33,797917,147626,468437,181854,797917
2023-04-12 18:34,797943,147641,468444,181858,797943
2023-04-12 18:35,797971,147661,468444,181866,797971
2023-04-12 18:36,797997,147676,468453,181868,797997
2023-04-12 18:37,798024,147696,468457,181871,798024
2023-04-12 18:38,798052,147703,468475,181874,798052
2023-04-12 18:39,798079,147724,468475,181880,798079
2023-04-12 18:40,798108,147733,468494,181881,798108
2023-04-12 18:41,798138,147749,468506,181883,798138
2023-04-12 18:43,798166,147766,468517,181883,798166
2023-04-12 18:44,798194,147786,468523,181885,798194
2023-04-12 18:45,798222,147804,468530,181888,798222
2023-04-12 18:46,798253,147803,468559,181891,798253
2023-04-12 18:47,798282,147820,468566,181896,798282
2023-04-12 18:48,798311,147813,468597,181901,798311
2023-04-12 18:49,798341,147820,468614,181907,798341
2023-04-12 18:50,798367,147830,468626,181911,798367
2023-04-12 18:51,798395,147850,468626,181919,798395
2023-04-12 18:52,798422,147837,468661,181924,798422
2023-04-12 18:53,798450,147833,468685,181932,798450
2023-04-12 18:54,798477,147829,468712,181936,798477
2023-04-12 18:55,798503,147852,468712,181939,798503
2023-04-12 18:56,798532,147841,468747,181944,798532
2023-04-12 18:57,798560,147862,468747,181951,798560
2023-04-12 18:58,798589,147862,468772,181955,798589
2023-04-12 18:59,798617,147868,468790,181959,798617
2023-04-12 19:00,798639,147880,468796,181963,798639
2023-04-12 19:01,798648,147881,468796,181971,798648
2023-04-12 19:02,798657,147851,468833,181973,798657
2023-04-12 19:03,798667,147842,468849,181976,798667
2023-04-12 19:04,798675,147837,468858,181980,798675
2023-04-12 19:05,798682,147843,468858,181981,798682
2023-04-12 19:06,798693,147829,468881,181983,798693
2023-04-12 19:07,798701,147817,468897,181987,798701
2023-04-12 19:08,798710,147810,468910,181990,798710
2023-04-12 19:09,798717,147799,468922,181996,798717
2023-04-12 19:10,798725,147801,468922,182002,798725
2023-04-12 19:11,798735,147788,468941,182006,798735
2023-04-12 19:12,798746,147796,468941,182009,798746
2023-04-12 19:13,798754,147774,468964,182016,798754
2023-04-12 19:14,798761,147775,468966,182020,798761
2023-04-12 19:15,798769,147779,468966,182024,798769
2023-04-12 19:16,798777,147764,468987,182026,798777
2023-04-12 19:17,798788,147758,469000,182030,798788
2023-04-12 19:18,798797,147759,469006,182032,798797
2023-04-12 19:19,798805,147760,469012,182033,798805
2023-04-12 19:20,798812,147763,469012,182037,798812
2023-04-12 19:21,798822,147755,469028,182039,798822
2023-04-12 19:22,798828,147758,469031,182039,798828
2023-04-12 19:23,798837,147745,469049,182043,798837
2023-04-12 19:24,798845,147731,469069,182045,798845
2023-04-12 19:25,798854,147736,469069,182049,798854
2023-04-12 19:26,798862,147734,469077,182051,798862
2023-04-12 19:27,798870,147740,469077,182053,798870
2023-04-12 19:28,798880,147728,469097,182055,798880
2023-04-12 19:29,798890,147734,469097,182059,798890
2023-04-12 19:31,798901,147719,469118,182064,798901
2023-04-12 19:32,798910,147719,469118,182073,798910
2023-04-12 19:33,798918,147704,469140,182074,798918
2023-04-12 19:34,798925,147694,469154,182077,798925
2023-04-12 19:35,798934,147696,469158,182080,798934
2023-04-12 19:36,798944,147689,469170,182085,798944
2023-04-12 19:37,798955,147694,469170,182091,798955
2023-04-12 19:38,798965,147684,469185,182096,798965
2023-04-12 19:39,798974,147680,469196,182098,798974
2023-04-12 19:40,798984,147688,469196,182100,798984
2023-04-12 19:41,798992,147679,469209,182104,798992
2023-04-12 19:42,798999,147678,469210,182111,798999
2023-04-12 19:43,799009,147669,469224,182116,799009
2023-04-12 19:44,799018,147673,469228,182117,799018
2023-04-12 19:45,799026,147679,469228,182119,799026
2023-04-12 19:46,799033,147671,469241,182121,799033
2023-04-12 19:47,799041,147667,469249,182125,799041
2023-04-12 19:48,799049,147671,469249,182129,799049
2023-04-12 19:49,799057,147661,469264,182132,799057
2023-04-12 19:50,799065,147668,469264,182133,799065
2023-04-12 19:51,799072,147656,469281,182135,799072
2023-04-12 19:52,799080,147661,469281,182138,799080
2023-04-12 19:53,799087,147653,469291,182143,799087
2023-04-12 19:54,799094,147652,469296,182146,799094
2023-04-12 19:55,799101,147642,469309,182150,799101
2023-04-12 19:56,799109,147638,469319,182152,799109
2023-04-12 19:57,799116,147638,469319,182159,799116
2023-04-12 19:58,799123,147628,469334,182161,799123
2023-04-12 19:59,799131,147631,469334,182166,799131
2023-04-12 20:00,799152,147643,469341,182168,799152
2023-04-12 20:01,799181,147661,469341,182179,799181
2023-04-12 20:02,799209,147673,469354,182182,799209
2023-04-12 20:03,799238,147698,469354,182186,799238
2023-04-12 20:04,799268,147717,469362,182189,799268
2023-04-12 20:05,799295,147727,469374,182194,799295
2023-04-12 20:06,799322,147751,469374,182197,799322
2023-04-12 20:07,799349,147763,469387,182199,799349
2023-04-12 20:08,799377,147789,469387,182201,799377
2023-04-12 20:09,799405,147805,469397,182203,799405
2023-04-12 20:10,799433,147821,469405,182207,799433
2023-04-12 20:11,799460,147837,469412,182211,799460
2023-04-12 20:12,799488,147863,469412,182213,799488
2023-04-12 20:13,799515,147873,469425,182217,799515
2023-04-12 20:14,799543,147885,469438,182220,799543
2023-04-12 20:15,799571,147907,469438,182226,799571
2023-04-12 20:16,799599,147928,469442,182229,799599
2023-04-12 20:17,799628,147955,469442,182231,799628
2023-04-12 20:19,799656,147972,469450,182234,799656
2023-04-12 20:20,799686,148000,469450,182236,799686
2023-04-12 20:21,799714,148014,469462,182238,799714
2023-04-12 20:22,799743,148038,469462,182243,799743
2023-04-12 20:23,799770,148051,469472,182247,799770
2023-04-12 20:24,799797,148076,469472,182249,799797
2023-04-12 20:25,799824,148093,469480,182251,799824
2023-04-12 20:26,799854,148116,469480,182258,799854
2023-04-12 20:27,799881,148127,469492,182262,799881
2023-04-12 20:28,799908,148144,469498,182266,799908
2023-04-12 20:29,799938,148172,469498,182268,799938
2023-04-12 20:30,799968,148189,469510,182269,799968
2023-04-12 20:31,799994,148209,469515,182270,799994
2023-04-12 20:32,800022,148230,469520,182272,800022
2023-04-12 20:33,800051,148248,469524,182279,800051
2023-04-12 20:34,800079,148265,469530,182284,800079
2023-04-12 20:35,800107,148289,469530,182288,800107
2023-04-12 20:36,800137,148298,469545,182294,800137
2023-04-12 20:37,800165,148314,469551,182300,800165
2023-04-12 20:38,800192,148336,469551,182305,800192
2023-04-12 20:39,800219,148342,469563,182314,800219
2023-04-12 20:40,800248,148369,469563,182316,800248
2023-04-12 20:41,800278,148392,469570,182316,800278
2023-04-12 20:42,800306,148414,469570,182322,800306
2023-04-12 20:43,800335,148431,469575,182329,800335
2023-04-12 20:44,800363,148454,469575,182334,800363
2023-04-12 20:45,800395,148474,469584,182337,800395
2023-04-12 20:46,800423,148498,469584,182341,800423
2023-04-12 20:47,800450,148514,469591,182345,800450
2023-04-12 20:48,800479,148538,469594,182347,800479
2023-04-12 20:49,800506,148561,469594,182351,800506
2023-04-12 20:50,800532,148576,469602,182354,800532
2023-04-12 20:51,800562,148602,469602,182358,800562
2023-04-12 20:52,800589,148615,469612,182362,800589
2023-04-12 20:53,800619,148644,469612,182363,800619
2023-04-12 20:54,800647,148662,469620,182365,800647
2023-04-12 20:55,800677,148686,469620,182371,800677
2023-04-12 20:56,800706,148712,469622,182372,800706
2023-04-12 20:57,800737,148728,469635,182374,800737
2023-04-12 20:58,800764,148747,469635,182382,800764
2023-04-12 20:59,800794,148765,469642,182387,800794
2023-04-12 21:00,800815,148787,469642,182386,800815
2023-04-12 21:01,800834,148792,469651,182391,800834
2023-04-12 21:02,800852,148806,469651,182395,800852
2023-04-12 21:03,800871,148816,469660,182395,800871
2023-04-12 21:04,800889,148830,469660,182399,800889
2023-04-12 21:05,800909,148839,469667,182403,800909
2023-04-12 21:07,800930,148859,469667,182404,800930
2023-04-12 21:08,800947,148862,469675,182410,800947
2023-04-12 21:09,800969,148879,469678,182412,800969
2023-04-12 21:10,800989,148896,469678,182415,800989
2023-04-12 21:11,801006,148906,469682,182418,801006
2023-04-12 21:12,801027,148924,469682,182421,801027
2023-04-12 21:13,801046,148931,469689,182426,801046
2023-04-12 21:14,801066,148940,469699,182427,801066
2023-04-12 21:15,801084,148950,469703,182431,801084
2023-04-12 21:16,801105,148964,469703,182438,801105
2023-04-12 21:17,801126,148970,469715,182441,801126
2023-04-12 21:18,801145,148982,469720,182443,801145
2023-04-12 21:19,801165,148997,469720,182448,801165
2023-04-12 21:20,801182,149002,469730,182450,801182
2023-04-12 21:21,801202,149021,469730,182451,801202
2023-04-12 21:22,801222,149028,469737,182457,801222
2023-04-12 21:23,801240,149038,469743,182459,801240
2023-04-12 21:24,801260,149053,469743,182464,801260
2023-04-12 21:25,801278,149059,469749,182470,801278
2023-04-12 21:26,801296,149074,469749,182473,801296
2023-04-12 21:27,801315,149076,469761,182478,801315
2023-04-12 21:28,801335,149091,469761,182483,801335
2023-04-12 21:29,801355,149101,469769,182485,801355
2023-04-12 21:30,801374,149113,469769,182492,801374
2023-04-12 21:31,801393,149116,469781,182496,801393
2023-04-12 21:32,801410,149129,469781,182500,801410
2023-04-12 21:33,801429,149131,469794,182504,801429
2023-04-12 21:34,801448,149145,469794,182509,801448
2023-04-12 21:35,801466,149150,469803,182513,801466
2023-04-12 21:36,801486,149161,469807,182518,801486
2023-04-12 21:37,801505,149175,469810,182520,801505
2023-04-12 21:38,801524,149175,469820,182529,801524
2023-04-12 21:39,801544,149187,469825,182532,801544
2023-04-12 21:40,801562,149193,469831,182538,801562
2023-04-12 21:41,801579,149197,469840,182542,801579
2023-04-12 21:42,801599,149215,469840,182544,801599
2023-04-12 21:43,801619,149225,469848,182546,801619
2023-04-12 21:44,801641,149232,469854,182555,801641
2023-04-12 21:45,801661,149244,469859,182558,801661
2023-04-12 21:46,801680,149258,469859,182563,801680
2023-04-12 21:47,801700,149267,469866,182567,801700
2023-04-12 21:48,801720,149286,469866,182568,801720
2023-04-12 21:49,801739,149291,469877,182571,801739
2023-04-12 21:50,801758,149302,469877,182579,801758
2023-04-12 21:51,801780,149314,469885,182581,801780
2023-04-12 21:52,801799,149325,469890,182584,801799
2023-04-12 21:54,801816,149337,469890,182589,801816
2023-04-12 21:55,801837,149348,469896,182593,801837
2023-04-12 21:56,801857,149360,469899,182598,801857
2023-04-12 21:57,801877,149379,469899,182599,801877
2023-04-12 21:58,801895,149388,469908,182599,801895
2023-04-12 21:59,801916,149405,469908,182603,801916
2023-04-12 22:00,801934,149409,469919,182606,801934
2023-04-12 22:01,801963,149434,469919,182610,801963
2023-04-12 22:02,801990,149443,469931,182616,801990
2023-04-12 22:03,802017,149455,469938,182624,802017
2023-04-12 22:04,802048,149483,469938,182627,802048
2023-04-12 22:05,802076,149500,469944,182632,802076
2023-04-12 22:06,802102,149522,469944,182636,802102
2023-04-12 22:07,802129,149535,469954,182640,802129
2023-04-12 22:08,802158,149562,469955,182641,802158
2023-04-12 22:09,802185,149586,469955,182644,802185
2023-04-12 22:10,802213,149599,469966,182648,802213
2023-04-12 22:11,802240,149625,469966,182649,802240
2023-04-12 22:12,802268,149634,469984,182650,802268
2023-04-12 22:13,802297,149646,469993,182658,802297
2023-04-12 22:14,802326,149653,470010,182663,802326
2023-04-12 22:15,802354,149674,470010,182670,802354
2023-04-12 22:16,802384,149689,470020,182675,802384
2023-04-12 22:17,802411,149707,470023,182681,802411
2023-04-12 22:18,802440,149731,470023,182686,802440
2023-04-12 22:19,802468,149743,470036,182689,802468
2023-04-12 22:20,802496,149768,470036,182692,802496
2023-04-12 22:21,802524,149785,470044,182695,802524
2023-04-12 22:22,802554,149813,470044,182697,802554
2023-04-12 22:23,802583,149834,470052,182697,802583
2023-04-12 22:24,802612,149855,470052,182705,802612
2023-04-12 22:25,802639,149863,470065,182711,802639
2023-04-12 22:26,802668,149882,470068,182718,802668
2023-04-12 22:27,802697,149904,470068,182725,802697
2023-04-12 22:28,802725,149920,470078,182727,802725
2023-04-12 22:29,802752,149945,470078,182729,802752
2023-04-12 22:30,802781,149949,470098,182734,802781
2023-04-12 22:31,802807,149973,470098,182736,802807
2023-04-12 22:32,802834,149989,470105,182740,802834
2023-04-12 22:33,802862,150007,470110,182745,802862
2023-04-12 22:34,802889,150027,470110,182752,802889
2023-04-12 22:35,802917,150048,470115,182754,802917
2023-04-12 22:36,802943,150070,470115,182758,802943
2023-04-12 22:37,802973,150083,470128,182762,802973
2023-04-12 22:38,802999,150104,470128,182767,802999
2023-04-12 22:39,803027,150118,470136,182773,803027
2023-04-12 22:41,803053,150141,470136,182776,803053
2023-04-12 22:42,803081,150159,470142,182780,803081
2023-04-12 22:43,803109,150185,470142,182782,803109
2023-04-12 22:44,803137,150199,470155,182783,803137
2023-04-12 22:45,803164,150217,470159,182788,803164
2023-04-12 22:46,803192,150238,470159,182795,803192
2023-04-12 22:47,803219,150255,470168,182796,803219
2023-04-12 22:48,803249,150284,470168,182797,803249
2023-04-12 22:49,803277,150299,470176,182802,803277
2023-04-12 22:50,803304,150322,470176,182806,803304
2023-04-12 22:51,803333,150333,470188,182812,803333
2023-04-12 22:52,803360,150354,470188,182818,803360
2023-04-12 22:53,803389,150373,470196,182820,803389
2023-04-12 22:54,803417,150392,470202,182823,803417
2023-04-12 22:55,803443,150408,470209,182826,803443
2023-04-12 22:56,803471,150431,470209,182831,803471
2023-04-12 22:57,803498,150444,470215,182839,803498
2023-04-12 22:58,803525,150455,470224,182846,803525
2023-04-12 22:59,803557,150480,470224,182853,803557
2023-04-12 23:00,803584,150497,470233,182854,803584
2023-04-12 23:01,803601,150508,470233,182860,803601
2023-04-12 23:02,803620,150517,470239,182864,803620
2023-04-12 23:03,803638,150530,470241,182867,803638
2023-04-12 23:04,803655,150536,470246,182873,803655
2023-04-12 23:05,803673,150550,470246,182877,803673
2023-04-12 23:06,803690,150554,470253,182883,803690
2023-04-12 23:07,803708,150569,470253,182886,803708
2023-04-12 23:08,803724,150572,470262,182890,803724
2023-04-12 23:09,803741,150585,470262,182894,803741
2023-04-12 23:10,803759,150591,470267,182901,803759
2023-04-12 23:11,803775,150602,470267,182906,803775
2023-04-12 23:12,803795,150610,470275,182910,803795
2023-04-12 23:13,803813,150624,470275,182914,803813
2023-04-12 23:15,803832,150623,470285,182924,803832
2023-04-12 23:16,803869,150657,470285,182927,803869
2023-04-12 23:17,803888,150664,470296,182928,803888
2023-04-12 23:18,803906,150673,470296,182937,803906
2023-04-12 23:19,803923,150673,470304,182946,803923
2023-04-12 23:20,803938,150684,470304,182950,803938
2023-04-12 23:21,803956,150688,470314,182954,803956
2023-04-12 23:22,803973,150701,470314,182958,803973
2023-04-12 23:23,803990,150702,470324,182964,803990
2023-04-12 23:24,804006,150715,470324,182967,804006
2023-04-12 23:25,804026,150724,470331,182971,804026
2023-04-12 23:27,804046,150734,470331,182981,804046
2023-04-12 23:28,804063,150736,470342,182985,804063
2023-04-12 23:29,804080,150750,470342,182988,804080
2023-04-12 23:30,804098,150748,470357,182993,804098
2023-04-12 23:31,804114,150758,470357,182999,804114
2023-04-12 23:32,804132,150761,470368,183003,804132
2023-04-12 23:33,804150,150775,470368,183007,804150
2023-04-12 23:34,804166,150782,470372,183012,804166
2023-04-12 23:35,804186,150793,470377,183016,804186
2023-04-12 23:36,804203,150804,470377,183022,804203
2023-04-12 23:37,804222,150810,470387,183025,804222
2023-04-12 23:38,804240,150820,470387,183033,804240
2023-04-12 23:39,804257,150823,470397,183037,804257
2023-04-12 23:40,804276,150832,470401,183043,804276
2023-04-12 23:41,804293,150836,470409,183048,804293
2023-04-12 23:42,804309,150849,470409,183051,804309
2023-04-12 23:43,804325,150851,470420,183054,804325
2023-04-12 23:44,804344,150864,470420,183060,804344
2023-04-12 23:45,804359,150866,470428,183065,804359
2023-04-12 23:46,804378,150883,470428,183067,804378
2023-04-12 23:47,804395,150887,470439,183069,804395
2023-04-12 23:48,804411,150896,470439,183076,804411
2023-04-12 23:49,804428,150897,470449,183082,804428
2023-04-12 23:50,804449,150913,470449,183087,804449
2023-04-12 23:51,804467,150916,470460,183091,804467
2023-04-12 23:52,804485,150930,470460,183095,804485
2023-04-12 23:53,804501,150938,470466,183097,804501
2023-04-12 23:54,804519,150948,470471,183100,804519
2023-04-12 23:55,804535,150954,470471,183110,804535
2023-04-12 23:56,804551,150958,470478,183115,804551
2023-04-12 23:57,804569,150972,470478,183119,804569
2023-04-12 23:58,804587,150973,470493,183121,804587
2023-04-12 23:59,804604,150987,470493,183124,804604
2023-04-13 00:00,804621,150991,470500,183130,804621
2023-04-13 00:01,804637,151004,470500,183133,804637
2023-04-13 00:02,804652,151006,470505,183141,804652
2023-04-13 00:03,804666,151014,470505,183147,804666
2023-04-13 00:04,804683,151016,470513,183154,804683
2023-04-13 00:05,804698,151029,470513,183156,804698
2023-04-13 00:06,804713,151029,470519,183165,804713
2023-04-13 00:07,804727,151038,470522,183167,804727
2023-04-13 00:08,804743,151047,470526,183170,804743
2023-04-13 00:09,804758,151062,470526,183170,804758
2023-04-13 00:10,804775,151065,470535,183175,804775
2023-04-13 00:11,804790,151079,470535,183176,804790
2023-04-13 00:12,804806,151083,470542,183181,804806
2023-04-13 00:13,804821,151096,470542,183183,804821
2023-04-13 00:15,804838,151095,470553,183190,804838
2023-04-13 00:16,804853,151107,470553,183193,804853
2023-04-13 00:17,804868,151104,470563,183201,804868
2023-04-13 00:18,804883,151115,470563,183205,804883
2023-04-13 00:19,804898,151117,470573,183208,804898
2023-04-13 00:20,804916,151132,470573,183211,804916
2023-04-13 00:21,804930,151137,470579,183214,804930
2023-04-13 00:22,804945,151147,470579,183219,804945
2023-04-13 00:23,804962,151150,470589,183223,804962
2023-04-13 00:24,804976,151159,470591,183226,804976
2023-04-13 00:25,804991,151171,470591,183229,804991
2023-04-13 00:26,805007,151183,470592,183232,805007
2023-04-13 00:27,805023,151194,470592,183237,805023
2023-04-13 00:28,805037,151199,470597,183241,805037
2023-04-13 00:29,805052,151209,470597,183246,805052
2023-04-13 00:30,805066,151208,470607,183251,805066
2023-04-13 00:31,805081,151221,470607,183253,805081
2023-04-13 00:32,805096,151226,470612,183258,805096
2023-04-13 00:33,805111,151239,470612,183260,805111
2023-04-13 00:34,805125,151249,470616,183260,805125
2023-04-13 00:35,805139,151261,470616,183262,805139
2023-04-13 00:36,805155,151262,470629,183264,805155
2023-04-13 00:37,805169,151273,470629,183267,805169
2023-04-13 00:38,805185,151276,470637,183272,805185
2023-04-13 00:39,805199,151284,470637,183278,805199
2023-04-13 00:40,805215,151293,470639,183283,805215
2023-04-13 00:41,805229,151305,470639,183285,805229
2023-04-13 00:42,805244,151310,470645,183289,805244
2023-04-13 00:43,805259,151320,470645,183294,805259
2023-04-13 00:44,805275,151323,470655,183297,805275
2023-04-13 00:45,805292,151339,470655,183298,805292
2023-04-13 00:46,805307,151345,470661,183301,805307
2023-04-13 00:47,805321,151354,470661,183306,805321
2023-04-13 00:48,805335,151356,470666,183313,805335
2023-04-13 00:49,805352,151373,470666,183313,805352
2023-04-13 00:50,805366,151381,470669,183316,805366
2023-04-13 00:51,805380,151393,470669,183318,805380
2023-04-13 00:52,805396,151399,470678,183319,805396
2023-04-13 00:53,805411,151410,470679,183322,805411
2023-04-13 00:54,805425,151424,470679,183322,805425
2023-04-13 00:55,805441,151424,470691,183326,805441
2023-04-13 00:56,805456,151437,470691,183328,805456
2023-04-13 00:57,805469,151437,470700,183332,805469
2023-04-13 00:58,805486,151452,470700,183334,805486
2023-04-13 00:59,805500,151457,470707,183336,805500
2023-04-13 01:00,805507,151459,470707,183341,805507
2023-04-13 01:01,805514,151464,470707,183343,805514
2023-04-13 01:03,805519,151461,470714,183344,805519
2023-04-13 01:04,805525,151462,470714,183349,805525
2023-04-13 01:05,805530,151457,470721,183352,805530
2023-04-13 01:06,805535,151459,470721,183355,805535
2023-04-13 01:07,805541,151463,470721,183357,805541
2023-04-13 01:08,805548,151468,470721,183359,805548
2023-04-13 01:09,805554,151471,470721,183362,805554
2023-04-13 01:10,805559,151471,470721,183367,805559
2023-04-13 01:11,805564,151474,470721,183369,805564
2023-04-13 01:12,805569,151477,470721,183371,805569
2023-04-13 01:13,805576,151481,470721,183374,805576
2023-04-13 01:14,805583,151485,470721,183377,805583
2023-04-13 01:15,805589,151458,470750,183381,805589
2023-04-13 01:16,805595,151461,470750,183384,805595
2023-04-13 01:17,805600,151453,470759,183388,805600
2023-04-13 01:18,805605,151457,470759,183389,805605
2023-04-13 01:19,805611,151459,470761,183391,805611
2023-04-13 01:20,805616,151462,470761,183393,805616
2023-04-13 01:21,805623,151461,470767,183395,805623
2023-04-13 01:22,805630,151466,470767,183397,805630
2023-04-13 01:23,805635,151463,470774,183398,805635
2023-04-13 01:24,805642,151465,470774,183403,805642
2023-04-13 01:25,805648,151463,470779,183406,805648
2023-04-13 01:26,805654,151467,470779,183408,805654
2023-04-13 01:27,805661,151471,470780,183410,805661
2023-04-13 01:28,805667,151475,470780,183412,805667
2023-04-13 01:29,805673,151474,470785,183414,805673
2023-04-13 01:30,805678,151479,470785,183414,805678
2023-04-13 01:31,805684,151480,470789,183415,805684
2023-04-13 01:32,805689,151483,470789,183417,805689
2023-04-13 01:33,805696,151482,470794,183420,805696
2023-04-13 01:34,805701,151483,470796,183422,805701
2023-04-13 01:35,805707,151488,470796,183423,805707
2023-04-13 01:36,805712,151489,470799,183424,805712
2023-04-13 01:37,805717,151493,470799,183425,805717
2023-04-13 01:38,805723,151494,470800,183429,805723
2023-04-13 01:39,805728,151497,470800,183431,805728
2023-04-13 01:40,805733,151495,470805,183433,805733
2023-04-13 01:41,805739,151499,470805,183435,805739
2023-04-13 01:42,805744,151499,470808,183437,805744
2023-04-13 01:43,805749,151504,470808,183437,805749
2023-04-13 01:44,805755,151502,470814,183439,805755
2023-04-13 01:45,805760,151507,470814,183439,805760
2023-04-13 01:46,805765,151507,470818,183440,805765
2023-04-13 01:47,805770,151511,470818,183441,805770
2023-04-13 01:48,805776,151510,470824,183442,805776
2023-04-13 01:49,805781,151511,470824,183446,805781
2023-04-13 01:50,805787,151514,470825,183448,805787
2023-04-13 01:51,805793,151516,470825,183452,805793
2023-04-13 01:52,805799,151515,470830,183454,805799
2023-04-13 01:54,805806,151520,470830,183456,805806
2023-04-13 01:55,805812,151523,470831,183458,805812
2023-04-13 01:56,805818,151527,470831,183460,805818
2023-04-13 01:57,805823,151530,470833,183460,805823
2023-04-13 01:58,805829,151535,470833,183461,805829
2023-04-13 01:59,805835,151535,470838,183462,805835
2023-04-13 02:00,805841,151539,470838,183464,805841
2023-04-13 02:01,805851,151544,470841,183466,805851
2023-04-13 02:02,805862,151552,470841,183469,805862
2023-04-13 02:03,805873,151556,470848,183469,805873
2023-04-13 02:04,805885,151566,470848,183471,805885
2023-04-13 02:05,805896,151575,470849,183472,805896
2023-04-13 02:06,805907,151584,470849,183474,805907
2023-04-13 02:07,805918,151592,470852,183474,805918
2023-04-13 02:08,805928,151600,470852,183476,805928
2023-04-13 02:09,805939,151607,470854,183478,805939
2023-04-13 02:10,805951,151618,470854,183479,805951
2023-04-13 02:11,805962,151623,470858,183481,805962
2023-04-13 02:12,805972,151631,470858,183483,805972
2023-04-13 02:13,805983,151641,470858,183484,805983
2023-04-13 02:14,805994,151651,470858,183485,805994
2023-04-13 02:15,806005,151662,470858,183485,806005
2023-04-13 02:16,806016,151672,470858,183486,806016
2023-04-13 02:17,806027,151683,470858,183486,806027
2023-04-13 02:18,806038,151692,470858,183488,806038
2023-04-13 02:19,806049,151702,470858,183489,806049
2023-04-13 02:20,806060,151710,470858,183492,806060
2023-04-13 02:21,806072,151714,470865,183493,806072
2023-04-13 02:22,806083,151723,470865,183495,806083
2023-04-13 02:23,806094,151733,470865,183496,806094
2023-04-13 02:24,806106,151745,470865,183496,806106
2023-04-13 02:25,806117,151752,470866,183499,806117
2023-04-13 02:26,806128,151763,470866,183499,806128
2023-04-13 02:27,806139,151771,470868,183500,806139
2023-04-13 02:28,806150,151780,470868,183502,806150
2023-04-13 02:29,806161,151787,470871,183503,806161
2023-04-13 02:30,806171,151797,470871,183503,806171
2023-04-13 02:31,806184,151809,470872,183503,806184
2023-04-13 02:32,806195,151820,470872,183503,806195
2023-04-13 02:33,806205,151829,470873,183503,806205
2023-04-13 02:34,806217,151839,470873,183505,806217
2023-04-13 02:35,806230,151851,470873,183506,806230
2023-04-13 02:36,806242,151860,470873,183509,806242
2023-04-13 02:37,806252,151869,470874,183509,806252
2023-04-13 02:38,806263,151880,470874,183509,806263
2023-04-13 02:39,806274,151888,470877,183509,806274
2023-04-13 02:41,806285,151898,470877,183510,806285
2023-04-13 02:42,806296,151908,470878,183510,806296
2023-04-13 02:43,806308,151917,470880,183511,806308
2023-04-13 02:44,806319,151927,470880,183512,806319
2023-04-13 02:45,806330,151933,470881,183516,806330
2023-04-13 02:46,806342,151945,470881,183516,806342
2023-04-13 02:47,806352,151952,470881,183519,806352
2023-04-13 02:48,806365,151965,470881,183519,806365
2023-04-13 02:49,806376,151975,470882,183519,806376
2023-04-13 02:50,806387,151985,470882,183520,806387
2023-04-13 02:51,806398,151994,470884,183520,806398
2023-04-13 02:52,806409,152003,470884,183522,806409
2023-04-13 02:53,806420,152012,470884,183524,806420
2023-04-13 02:54,806431,152023,470884,183524,806431
2023-04-13 02:55,806442,152031,470886,183525,806442
2023-04-13 02:56,806453,152042,470886,183525,806453
2023-04-13 02:57,806463,152050,470887,183526,806463
2023-04-13 02:58,806475,152061,470887,183527,806475
2023-04-13 02:59,806486,152068,470891,183527,806486
2023-04-13 03:00,806496,152078,470891,183527,806496
2023-04-13 03:01,806506,152086,470892,183528,806506
2023-04-13 03:02,806516,152095,470892,183529,806516
2023-04-13 03:03,806526,152103,470894,183529,806526
2023-04-13 03:04,806535,152112,470894,183529,806535
2023-04-13 03:05,806545,152121,470894,183530,806545
2023-04-13 03:06,806555,152129,470894,183532,806555
2023-04-13 03:07,806564,152137,470894,183533,806564
2023-04-13 03:08,806574,152147,470894,183533,806574
2023-04-13 03:09,806583,152153,470896,183534,806583
2023-04-13 03:10,806592,152162,470896,183534,806592
2023-04-13 03:11,806603,152171,470897,183535,806603
2023-04-13 03:12,806612,152178,470897,183537,806612
2023-04-13 03:13,806621,152183,470899,183539,806621
2023-04-13 03:14,806631,152192,470899,183540,806631
2023-04-13 03:15,806641,152201,470899,183541,806641
2023-04-13 03:16,806650,152209,470899,183542,806650
2023-04-13 03:17,806659,152215,470901,183543,806659
2023-04-13 03:18,806669,152225,470901,183543,806669
2023-04-13 03:19,806679,152233,470903,183543,806679
2023-04-13 03:20,806688,152242,470903,183543,806688
2023-04-13 03:21,806699,152252,470903,183544,806699
2023-04-13 03:22,806708,152260,470903,183545,806708
2023-04-13 03:23,806719,152269,470904,183546,806719
2023-04-13 03:24,806729,152278,470904,183547,806729
2023-04-13 03:25,806739,152286,470906,183547,806739
2023-04-13 03:26,806749,152295,470906,183548,806749
2023-04-13 03:28,806758,152300,470908,183550,806758
2023-04-13 03:29,806768,152310,470908,183550,806768
2023-04-13 03:30,806778,152316,470912,183550,806778
2023-04-13 03:31,806787,152322,470915,183550,806787
2023-04-13 03:32,806797,152330,470915,183552,806797
2023-04-13 03:33,806806,152338,470916,183552,806806
2023-04-13 03:34,806816,152346,470916,183554,806816
2023-04-13 03:35,806826,152355,470917,183554,806826
2023-04-13 03:36,806835,152363,470917,183555,806835
2023-04-13 03:37,806844,152368,470921,183555,806844
2023-04-13 03:38,806854,152377,470921,183556,806854
2023-04-13 03:39,806864,152385,470922,183557,806864
2023-04-13 03:40,806873,152394,470922,183557,806873
2023-04-13 03:41,806883,152400,470924,183559,806883
2023-04-13 03:42,806894,152410,470925,183559,806894
2023-04-13 03:43,806903,152419,470925,183559,806903
2023-04-13 03:44,806912,152425,470927,183560,806912
2023-04-13 03:45,806922,152434,470927,183561,806922
2023-04-13 03:46,806932,152444,470927,183561,806932
2023-04-13 03:47,806941,152452,470927,183562,806941
2023-04-13 03:48,806951,152460,470929,183562,806951
2023-04-13 03:49,806961,152469,470929,183563,806961
2023-04-13 03:50,806970,152478,470929,183563,806970
2023-04-13 03:51,806980,152488,470929,183563,806980
2023-04-13 03:52,806989,152497,470929,183563,806989
2023-04-13 03:53,807000,152508,470929,183563,807000
2023-04-13 03:54,807010,152517,470929,183564,807010
2023-04-13 03:55,807019,152526,470929,183564,807019
2023-04-13 03:56,807028,152535,470929,183564,807028
2023-04-13 03:57,807040,152547,470929,183564,807040
2023-04-13 03:58,807050,152555,470931,183564,807050
2023-04-13 03:59,807060,152565,470931,183564,807060
2023-04-13 04:00,807074,152578,470932,183564,807074
2023-04-13 04:01,807091,152595,470932,183564,807091
2023-04-13 04:02,807108,152611,470932,183565,807108
2023-04-13 04:03,807125,152628,470932,183565,807125
2023-04-13 04:04,807141,152643,470933,183565,807141
2023-04-13 04:05,807157,152658,470933,183566,807157
2023-04-13 04:06,807174,152674,470934,183566,807174
2023-04-13 04:07,807192,152691,470934,183567,807192
2023-04-13 04:08,807209,152706,470935,183568,807209
2023-04-13 04:09,807225,152720,470935,183570,807225
2023-04-13 04:10,807241,152733,470938,183570,807241
2023-04-13 04:11,807258,152749,470938,183571,807258
2023-04-13 04:12,807274,152765,470938,183571,807274
2023-04-13 04:14,807292,152781,470938,183573,807292
2023-04-13 04:15,807308,152794,470939,183575,807308
2023-04-13 04:16,807324,152809,470939,183576,807324
2023-04-13 04:17,807342,152827,470939,183576,807342
2023-04-13 04:18,807358,152841,470939,183578,807358
2023-04-13 04:19,807375,152856,470940,183579,807375
2023-04-13 04:20,807391,152872,470940,183579,807391
2023-04-13 04:21,807410,152890,470940,183580,807410
2023-04-13 04:22,807427,152907,470940,183580,807427
2023-04-13 04:23,807444,152924,470940,183580,807444
2023-04-13 04:24,807460,152940,470940,183580,807460
2023-04-13 04:25,807476,152954,470940,183582,807476
2023-04-13 04:26,807494,152973,470940,183581,807494
2023-04-13 04:27,807510,152989,470940,183581,807510
2023-04-13 04:28,807527,153005,470940,183582,807527
2023-04-13 04:29,807544,153021,470941,183582,807544
2023-04-13 04:30,807561,153037,470941,183583,807561
2023-04-13 04:31,807578,153054,470941,183583,807578
2023-04-13 04:32,807594,153070,470941,183583,807594
2023-04-13 04:33,807611,153086,470942,183583,807611
2023-04-13 04:34,807627,153102,470942,183583,807627
2023-04-13 04:35,807644,153119,470942,183583,807644
2023-04-13 04:36,807660,153133,470943,183584,807660
2023-04-13 04:37,807678,153151,470943,183584,807678
2023-04-13 04:38,807695,153167,470943,183585,807695
2023-04-13 04:39,807711,153183,470943,183585,807711
2023-04-13 04:40,807728,153198,470944,183586,807728
2023-04-13 04:41,807744,153213,470944,183587,807744
2023-04-13 04:42,807761,153227,470947,183587,807761
2023-04-13 04:43,807777,153240,470949,183588,807777
2023-04-13 04:44,807794,153256,470949,183589,807794
2023-04-13 04:45,807811,153269,470951,183591,807811
2023-04-13 04:46,807827,153284,470951,183592,807827
2023-04-13 04:47,807845,153300,470952,183593,807845
2023-04-13 04:48,807861,153316,470952,183593,807861
2023-04-13 04:49,807878,153328,470957,183593,807878
2023-04-13 04:50,807894,153344,470957,183593,807894
2023-04-13 04:51,807910,153359,470957,183594,807910
2023-04-13 04:52,807928,153377,470957,183594,807928
2023-04-13 04:53,807944,153392,470957,183595,807944
2023-04-13 04:54,807961,153409,470957,183595,807961
2023-04-13 04:55,807977,153425,470957,183595,807977
2023-04-13 04:56,807996,153441,470957,183598,807996
2023-04-13 04:57,808013,153458,470957,183598,808013
2023-04-13 04:58,808029,153474,470957,183598,808029
2023-04-13 04:59,808046,153489,470958,183599,808046
2023-04-13 05:01,808069,153512,470958,183599,808069
2023-04-13 05:02,808091,153534,470958,183599,808091
2023-04-13 05:03,808111,153552,470958,183601,808111
2023-04-13 05:04,808132,153571,470959,183602,808132
2023-04-13 05:05,808154,153592,470959,183603,808154
2023-04-13 05:06,808175,153613,470959,183603,808175
2023-04-13 05:07,808196,153634,470959,183603,808196
2023-04-13 05:08,808217,153651,470961,183605,808217
2023-04-13 05:09,808239,153673,470961,183605,808239
2023-04-13 05:10,808260,153693,470962,183605,808260
2023-04-13 05:11,808281,153713,470962,183606,808281
2023-04-13 05:12,808303,153734,470962,183607,808303
2023-04-13 05:13,808324,153755,470962,183607,808324
2023-04-13 05:14,808344,153775,470962,183607,808344
2023-04-13 05:15,808367,153798,470962,183607,808367
2023-04-13 05:16,808387,153818,470962,183607,808387
2023-04-13 05:17,808408,153839,470962,183607,808408
2023-04-13 05:18,808429,153858,470963,183608,808429
2023-04-13 05:19,808450,153878,470963,183609,808450
2023-04-13 05:20,808473,153900,470964,183609,808473
2023-04-13 05:21,808493,153920,470964,183609,808493
2023-04-13 05:22,808515,153941,470965,183609,808515
2023-04-13 05:23,808535,153959,470965,183611,808535
2023-04-13 05:24,808557,153980,470966,183611,808557
2023-04-13 05:25,808578,154001,470966,183611,808578
2023-04-13 05:26,808600,154021,470968,183611,808600
2023-04-13 05:27,808621,154042,470968,183611,808621
2023-04-13 05:28,808643,154063,470968,183612,808643
2023-04-13 05:29,808664,154083,470968,183613,808664
2023-04-13 05:30,808686,154105,470968,183613,808686
2023-04-13 05:31,808707,154126,470968,183613,808707
2023-04-13 05:32,808728,154146,470969,183613,808728
2023-04-13 05:33,808749,154167,470969,183613,808749
2023-04-13 05:34,808770,154188,470969,183613,808770
2023-04-13 05:35,808790,154208,470969,183613,808790
2023-04-13 05:36,808813,154230,470969,183614,808813
2023-04-13 05:37,808833,154250,470969,183614,808833
2023-04-13 05:38,808856,154270,470972,183614,808856
2023-04-13 05:39,808877,154289,470972,183616,808877
2023-04-13 05:40,808897,154309,470972,183616,808897
2023-04-13 05:41,808918,154331,470972,183615,808918
2023-04-13 05:42,808940,154348,470975,183617,808940
2023-04-13 05:43,808961,154369,470975,183617,808961
2023-04-13 05:44,808982,154389,470975,183618,808982
2023-04-13 05:45,809004,154411,470975,183618,809004
2023-04-13 05:46,809025,154429,470978,183618,809025
2023-04-13 05:48,809047,154449,470980,183618,809047
2023-04-13 05:49,809068,154470,470980,183618,809068
2023-04-13 05:50,809088,154486,470983,183619,809088
2023-04-13 05:51,809109,154506,470983,183620,809109
2023-04-13 05:52,809132,154529,470983,183620,809132
2023-04-13 05:53,809153,154550,470983,183620,809153
2023-04-13 05:54,809173,154570,470983,183620,809173
2023-04-13 05:55,809194,154591,470983,183620,809194
2023-04-13 05:56,809217,154614,470983,183620,809217
2023-04-13 05:57,809237,154634,470983,183620,809237
2023-04-13 05:58,809258,154655,470983,183620,809258
2023-04-13 05:59,809280,154677,470983,183620,809280
2023-04-13 06:00,809298,154688,470989,183621,809298
2023-04-13 06:01,809303,154691,470989,183623,809303
2023-04-13 06:02,809309,154697,470989,183623,809309
2023-04-13 06:03,809315,154702,470989,183624,809315
2023-04-13 06:04,809321,154707,470989,183625,809321
2023-04-13 06:05,809327,154712,470989,183626,809327
2023-04-13 06:06,809333,154716,470989,183628,809333
2023-04-13 06:07,809338,154719,470989,183630,809338
2023-04-13 06:08,809345,154723,470992,183630,809345
2023-04-13 06:09,809351,154729,470992,183630,809351
2023-04-13 06:10,809356,154731,470994,183631,809356
2023-04-13 06:11,809362,154736,470994,183632,809362
2023-04-13 06:12,809368,154740,470996,183632,809368
2023-04-13 06:13,809375,154746,470996,183633,809375
2023-04-13 06:14,809381,154752,470996,183633,809381
2023-04-13 06:15,809386,154756,470996,183634,809386
2023-04-13 06:16,809392,154761,470996,183635,809392
2023-04-13 06:17,809398,154765,470996,183637,809398
2023-04-13 06:18,809403,154770,470996,183637,809403
2023-04-13 06:19,809409,154776,470996,183637,809409
2023-04-13 06:20,809415,154770,471007,183638,809415
2023-04-13 06:21,809421,154773,471009,183639,809421
2023-04-13 06:22,809427,154779,471009,183639,809427
2023-04-13 06:23,809433,154784,471010,183639,809433
2023-04-13 06:24,809439,154790,471010,183639,809439
2023-04-13 06:25,809445,154794,471011,183640,809445
2023-04-13 06:26,809451,154799,471011,183641,809451
2023-04-13 06:27,809457,154802,471014,183641,809457
2023-04-13 06:28,809463,154808,471014,183641,809463
2023-04-13 06:29,809468,154813,471014,183641,809468
2023-04-13 06:30,809474,154819,471014,183641,809474
2023-04-13 06:31,809481,154824,471015,183642,809481
2023-04-13 06:32,809486,154829,471015,183642,809486
2023-04-13 06:33,809492,154834,471016,183642,809492
2023-04-13 06:35,809499,154838,471016,183645,809499
2023-04-13 06:36,809505,154840,471019,183646,809505
2023-04-13 06:37,809510,154844,471019,183647,809510
2023-04-13 06:38,809516,154847,471020,183649,809516
2023-04-13 06:39,809522,154852,471020,183650,809522
2023-04-13 06:40,809528,154857,471020,183651,809528
2023-04-13 06:41,809534,154861,471020,183653,809534
2023-04-13 06:42,809539,154866,471019,183654,809539
2023-04-13 06:43,809545,154869,471019,183657,809545
2023-04-13 06:44,809553,154875,471020,183658,809553
2023-04-13 06:45,809559,154881,471020,183658,809559
2023-04-13 06:46,809565,154884,471023,183658,809565
2023-04-13 06:47,809570,154888,471023,183659,809570
2023-04-13 06:48,809576,154889,471027,183660,809576
2023-04-13 06:49,809583,154896,471027,183660,809583
2023-04-13 06:50,809589,154898,471031,183660,809589
2023-04-13 06:51,809595,154903,471031,183661,809595
2023-04-13 06:52,809602,154906,471032,183664,809602
2023-04-13 06:53,809609,154912,471032,183665,809609
2023-04-13 06:54,809615,154915,471034,183666,809615
2023-04-13 06:55,809621,154920,471034,183667,809621
2023-04-13 06:56,809626,154922,471035,183669,809626
2023-04-13 06:57,809632,154928,471035,183669,809632
2023-04-13 06:58,809638,154931,471036,183671,809638
2023-04-13 06:59,809644,154934,471036,183674,809644
2023-04-13 07:00,809652,154937,471039,183676,809652
2023-04-13 07:01,809662,154946,471039,183677,809662
2023-04-13 07:02,809673,154951,471041,183681,809673
2023-04-13 07:03,809683,154960,471041,183682,809683
2023-04-13 07:04,809694,154970,471041,183683,809694
2023-04-13 07:05,809704,154978,471041,183685,809704
2023-04-13 07:06,809716,154985,471041,183690,809716
2023-04-13 07:07,809726,154994,471041,183691,809726
2023-04-13 07:08,809737,155003,471042,183692,809737
2023-04-13 07:09,809747,155011,471042,183694,809747
2023-04-13 07:10,809758,155021,471042,183695,809758
2023-04-13 07:11,809768,155030,471042,183696,809768
2023-04-13 07:12,809779,155035,471044,183700,809779
2023-04-13 07:13,809790,155044,471044,183702,809790
2023-04-13 07:14,809800,155051,471046,183703,809800
2023-04-13 07:15,809811,155062,471046,183703,809811
2023-04-13 07:16,809822,155069,471049,183704,809822
2023-04-13 07:17,809833,155079,471050,183704,809833
2023-04-13 07:18,809843,155089,471050,183704,809843
2023-04-13 07:19,809854,155097,471051,183706,809854
2023-04-13 07:20,809865,155105,471051,183709,809865
2023-04-13 07:22,809876,155111,471054,183711,809876
2023-04-13 07:23,809887,155120,471054,183713,809887
2023-04-13 07:24,809898,155129,471054,183715,809898
2023-04-13 07:25,809908,155137,471054,183717,809908
2023-04-13 07:26,809921,155149,471055,183717,809921
2023-04-13 07:27,809931,155158,471055,183718,809931
2023-04-13 07:28,809942,155166,471058,183718,809942
2023-04-13 07:29,809953,155174,471058,183721,809953
2023-04-13 07:30,809965,155184,471058,183723,809965
2023-04-13 07:31,809977,155193,471058,183726,809977
2023-04-13 07:32,809989,155203,471059,183727,809989
2023-04-13 07:33,810000,155210,471059,183731,810000
2023-04-13 07:34,810011,155216,471061,183734,810011
2023-04-13 07:35,810022,155225,471061,183736,810022
2023-04-13 07:36,810031,155232,471062,183737,810031
2023-04-13 07:37,810042,155242,471062,183738,810042
2023-04-13 07:38,810054,155251,471064,183739,810054
2023-04-13 07:39,810064,155259,471064,183741,810064
2023-04-13 07:40,810074,155267,471064,183743,810074
2023-04-13 07:41,810087,155280,471064,183743,810087
2023-04-13 07:42,810098,155289,471065,183744,810098
2023-04-13 07:43,810108,155298,471065,183745,810108
2023-04-13 07:44,810119,155306,471067,183746,810119
2023-04-13 07:45,810130,155315,471067,183748,810130
2023-04-13 07:46,810141,155321,471071,183749,810141
2023-04-13 07:47,810151,155330,471071,183750,810151
2023-04-13 07:48,810162,155338,471074,183750,810162
2023-04-13 07:49,810174,155346,471074,183754,810174
2023-04-13 07:50,810186,155354,471078,183754,810186
2023-04-13 07:51,810197,155362,471078,183757,810197
2023-04-13 07:52,810207,155369,471079,183759,810207
2023-04-13 07:53,810218,155379,471079,183760,810218
2023-04-13 07:54,810228,155384,471080,183764,810228
2023-04-13 07:55,810242,155395,471080,183767,810242
2023-04-13 07:56,810252,155400,471082,183770,810252
2023-04-13 07:57,810263,155411,471082,183770,810263
2023-04-13 07:58,810274,155410,471086,183778,810274
2023-04-13 07:59,810285,155418,471086,183781,810285
2023-04-13 08:00,810304,155426,471093,183785,810304
2023-04-13 08:01,810326,155446,471093,183787,810326
2023-04-13 08:02,810348,155461,471097,183790,810348
2023-04-13 08:03,810370,155483,471097,183790,810370
2023-04-13 08:04,810392,155501,471099,183792,810392
2023-04-13 08:05,810413,155520,471099,183794,810413
2023-04-13 08:06,810435,155531,471106,183798,810435
2023-04-13 08:07,810456,155551,471106,183799,810456
2023-04-13 08:09,810477,155563,471112,183802,810477
2023-04-13 08:10,810500,155583,471112,183805,810500
2023-04-13 08:11,810522,155594,471117,183811,810522
2023-04-13 08:12,810544,155615,471117,183812,810544
2023-04-13 08:13,810568,155630,471125,183813,810568
2023-04-13 08:14,810589,155646,471125,183818,810589
2023-04-13 08:15,810610,155660,471128,183822,810610
2023-04-13 08:16,810630,155679,471128,183823,810630
2023-04-13 08:17,810652,155696,471130,183826,810652
2023-04-13 08:18,810672,155715,471130,183827,810672
2023-04-13 08:19,810693,155728,471134,183831,810693
2023-04-13 08:20,810715,155746,471134,183835,810715
2023-04-13 08:21,810736,155763,471136,183837,810736
2023-04-13 08:22,810758,155781,471136,183841,810758
2023-04-13 08:23,810780,155797,471140,183843,810780
2023-04-13 08:24,810803,155815,471140,183848,810803
2023-04-13 08:25,810825,155828,471142,183855,810825
2023-04-13 08:26,810847,155849,471142,183856,810847
2023-04-13 08:27,810869,155865,471145,183859,810869
2023-04-13 08:28,810889,155884,471145,183860,810889
2023-04-13 08:29,810911,155902,471147,183862,810911
2023-04-13 08:30,810934,155925,471147,183862,810934
2023-04-13 08:31,810957,155947,471147,183863,810957
2023-04-13 08:32,810980,155967,471147,183866,810980
2023-04-13 08:33,811002,155985,471148,183869,811002
2023-04-13 08:34,811023,156006,471148,183869,811023
2023-04-13 08:35,811045,156020,471152,183873,811045
2023-04-13 08:36,811068,156041,471152,183875,811068
2023-04-13 08:37,811090,156057,471157,183876,811090
2023-04-13 08:38,811110,156073,471157,183880,811110
2023-04-13 08:39,811133,156088,471161,183884,811133
2023-04-13 08:40,811154,156102,471161,183891,811154
2023-04-13 08:41,811180,156120,471166,183894,811180
2023-04-13 08:42,811206,156144,471166,183896,811206
2023-04-13 08:43,811228,156162,471166,183900,811228
2023-04-13 08:44,811250,156183,471166,183901,811250
2023-04-13 08:45,811271,156197,471169,183905,811271
2023-04-13 08:46,811293,156217,471169,183907,811293
2023-04-13 08:47,811313,156228,471175,183910,811313
2023-04-13 08:48,811337,156250,471175,183912,811337
2023-04-13 08:49,811358,156260,471183,183915,811358
2023-04-13 08:50,811380,156280,471183,183917,811380
2023-04-13 08:51,811401,156299,471184,183918,811401
2023-04-13 08:52,811422,156317,471184,183921,811422
2023-04-13 08:53,811444,156333,471187,183924,811444
2023-04-13 08:54,811464,156351,471187,183926,811464
2023-04-13 08:55,811486,156372,471187,183927,811486
2023-04-13 08:57,811505,156387,471187,183931,811505
2023-04-13 08:58,811527,156403,471191,183933,811527
2023-04-13 08:59,811547,156419,471191,183937,811547
2023-04-13 09:00,811569,156432,471198,183939,811569
2023-04-13 09:01,811577,156434,471198,183945,811577
2023-04-13 09:02,811584,156435,471201,183948,811584
2023-04-13 09:03,811594,156440,471201,183953,811594
2023-04-13 09:04,811600,156439,471205,183956,811600
2023-04-13 09:05,811608,156443,471205,183960,811608
2023-04-13 09:06,811614,156433,471215,183966,811614
2023-04-13 09:07,811623,156438,471215,183970,811623
2023-04-13 09:08,811631,156441,471219,183971,811631
2023-04-13 09:09,811638,156440,471223,183975,811638
2023-04-13 09:10,811645,156443,471223,183979,811645
2023-04-13 09:11,811653,156446,471225,183982,811653
2023-04-13 09:12,811660,156450,471225,183985,811660
2023-04-13 09:13,811667,156447,471230,183990,811667
2023-04-13 09:14,811675,156452,471230,183993,811675
2023-04-13 09:15,811684,156455,471232,183997,811684
2023-04-13 09:16,811691,156460,471232,183999,811691
2023-04-13 09:17,811698,156461,471235,184002,811698
2023-04-13 09:18,811705,156464,471235,184006,811705
2023-04-13 09:19,811712,156457,471244,184011,811712
2023-04-13 09:20,811719,156459,471244,184016,811719
2023-04-13 09:21,811727,156460,471249,184018,811727
2023-04-13 09:22,811734,156464,471249,184021,811734
2023-04-13 09:23,811741,156465,471254,184022,811741
2023-04-13 09:24,811748,156470,471254,184024,811748
2023-04-13 09:25,811755,156469,471260,184026,811755
2023-04-13 09:26,811762,156475,471260,184027,811762
2023-04-13 09:27,811769,156477,471262,184030,811769
2023-04-13 09:28,811777,156484,471262,184031,811777
2023-04-13 09:29,811784,156487,471265,184032,811784
2023-04-13 09:30,811791,156490,471265,184036,811791
2023-04-13 09:31,811799,156496,471266,184037,811799
2023-04-13 09:32,811806,156499,471266,184041,811806
2023-04-13 09:33,811815,156502,471269,184044,811815
2023-04-13 09:34,811821,156505,471269,184047,811821
2023-04-13 09:35,811828,156508,471272,184048,811828
2023-04-13 09:36,811835,156508,471272,184055,811835
2023-04-13 09:37,811843,156507,471277,184059,811843
2023-04-13 09:38,811850,156513,471277,184060,811850
2023-04-13 09:39,811858,156518,471279,184061,811858
2023-04-13 09:40,811865,156522,471279,184064,811865
2023-04-13 09:41,811873,156525,471283,184065,811873
2023-04-13 09:42,811880,156531,471283,184066,811880
2023-04-13 09:43,811887,156533,471288,184066,811887
2023-04-13 09:45,811894,156537,471288,184069,811894
2023-04-13 09:46,811901,156539,471290,184072,811901
2023-04-13 09:47,811909,156543,471290,184076,811909
2023-04-13 09:48,811917,156546,471294,184077,811917
2023-04-13 09:49,811926,156550,471294,184082,811926
2023-04-13 09:50,811936,156554,471298,184084,811936
2023-04-13 09:51,811943,156559,471298,184086,811943
2023-04-13 09:52,811950,156555,471305,184090,811950
2023-04-13 09:53,811958,156559,471308,184091,811958
2023-04-13 09:54,811965,156557,471314,184094,811965
2023-04-13 09:55,811972,156563,471314,184095,811972
2023-04-13 09:56,811979,156560,471319,184100,811979
2023-04-13 09:57,811988,156568,471319,184101,811988
2023-04-13 09:58,811996,156566,471326,184104,811996
2023-04-13 09:59,812003,156573,471326,184104,812003
2023-04-13 10:00,812016,156575,471333,184108,812016
2023-04-13 10:01,812036,156593,471333,184110,812036
2023-04-13 10:02,812057,156608,471338,184111,812057
2023-04-13 10:03,812077,156626,471338,184113,812077
2023-04-13 10:04,812100,156641,471343,184116,812100
2023-04-13 10:05,812122,156663,471343,184116,812122
2023-04-13 10:06,812142,156676,471344,184122,812142
2023-04-13 10:07,812164,156693,471344,184127,812164
2023-04-13 10:08,812184,156706,471349,184129,812184
2023-04-13 10:09,812206,156726,471349,184131,812206
2023-04-13 10:10,812227,156737,471354,184136,812227
2023-04-13 10:11,812245,156752,471354,184139,812245
2023-04-13 10:12,812265,156764,471358,184143,812265
2023-04-13 10:13,812287,156783,471360,184144,812287
2023-04-13 10:14,812307,156800,471360,184147,812307
2023-04-13 10:15,812328,156817,471361,184150,812328
2023-04-13 10:16,812351,156837,471361,184153,812351
2023-04-13 10:17,812370,156844,471369,184157,812370
2023-04-13 10:18,812391,156863,471369,184159,812391
2023-04-13 10:19,812412,156877,471372,184163,812412
2023-04-13 10:20,812432,156895,471372,184165,812432
2023-04-13 10:21,812453,156909,471374,184170,812453
2023-04-13 10:22,812475,156929,471374,184172,812475
2023-04-13 10:23,812495,156945,471375,184175,812495
2023-04-13 10:24,812515,156962,471375,184178,812515
2023-04-13 10:25,812537,156975,471382,184180,812537
2023-04-13 10:26,812557,156990,471382,184185,812557
2023-04-13 10:27,812578,157003,471389,184186,812578
2023-04-13 10:28,812598,157021,471389,184188,812598
2023-04-13 10:29,812619,157035,471393,184191,812619
2023-04-13 10:30,812638,157052,471393,184193,812638
2023-04-13 10:31,812659,157060,471400,184199,812659
2023-04-13 10:33,812678,157075,471400,184203,812678
2023-04-13 10:34,812700,157091,471404,184205,812700
2023-04-13 10:35,812719,157105,471404,184210,812719
2023-04-13 10:36,812738,157119,471407,184212,812738
2023-04-13 10:37,812760,157139,471407,184214,812760
2023-04-13 10:38,812781,157154,471410,184217,812781
2023-04-13 10:39,812802,157173,471410,184219,812802
2023-04-13 10:40,812821,157177,471423,184221,812821
2023-04-13 10:41,812843,157196,471423,184224,812843
2023-04-13 10:42,812864,157207,471427,184230,812864
2023-04-13 10:43,812883,157221,471427,184235,812883
2023-04-13 10:44,812903,157232,471434,184237,812903
2023-04-13 10:45,812924,157252,471434,184238,812924
2023-04-13 10:46,812943,157263,471440,184240,812943
2023-04-13 10:47,812963,157282,471440,184241,812963
2023-04-13 10:48,812983,157296,471444,184243,812983
2023-04-13 10:49,813004,157313,471444,184247,813004
2023-04-13 10:50,813026,157327,471451,184248,813026
2023-04-13 10:51,813046,157342,471452,184252,813046
2023-04-13 10:52,813068,157359,471452,184257,813068
2023-04-13 10:53,813089,157369,471457,184263,813089
2023-04-13 10:54,813109,157387,471457,184265,813109
2023-04-13 10:55,813129,157392,471466,184271,813129
2023-04-13 10:56,813148,157408,471466,184274,813148
2023-04-13 10:57,813167,157421,471469,184277,813167
2023-04-13 10:58,813189,157442,471469,184278,813189
2023-04-13 10:59,813209,157452,471474,184283,813209
2023-04-13 11:00,813226,157468,471474,184284,813226
2023-04-13 11:01,813237,157466,471480,184291,813237
2023-04-13 11:02,813247,157474,471480,184293,813247
2023-04-13 11:03,813258,157478,471484,184296,813258
2023-04-13 11:04,813268,157486,471484,184298,813268
2023-04-13 11:05,813279,157486,471490,184303,813279
2023-04-13 11:06,813290,157492,471490,184308,813290
2023-04-13 11:07,813300,157491,471497,184312,813300
2023-04-13 11:08,813311,157497,471499,184315,813311
2023-04-13 11:09,813321,157498,471506,184317,813321
2023-04-13 11:10,813330,157507,471506,184317,813330
2023-04-13 11:11,813339,157511,471509,184319,813339
2023-04-13 11:12,813349,157514,471513,184322,813349
2023-04-13 11:13,813359,157520,471513,184326,813359
2023-04-13 11:14,813369,157520,471519,184330,813369
2023-04-13 11:15,813379,157528,471519,184332,813379
2023-04-13 11:16,813390,157525,471528,184337,813390
2023-04-13 11:17,813401,157535,471528,184338,813401
2023-04-13 11:18,813410,157529,471540,184341,813410
2023-04-13 11:19,813420,157537,471540,184343,813420
2023-04-13 11:21,813429,157537,471547,184345,813429
2023-04-13 11:22,813439,157545,471547,184347,813439
2023-04-13 11:23,813449,157549,471548,184352,813449
2023-04-13 11:24,813460,157559,471548,184353,813460
2023-04-13 11:25,813471,157563,471550,184358,813471
2023-04-13 11:26,813481,157570,471550,184361,813481
2023-04-13 11:27,813490,157569,471559,184362,813490
2023-04-13 11:28,813500,157578,471559,184363,813500
2023-04-13 11:29,813512,157585,471562,184365,813512
2023-04-13 11:30,813521,157584,471565,184372,813521
2023-04-13 11:31,813531,157592,471565,184374,813531
2023-04-13 11:32,813541,157594,471570,184377,813541
2023-04-13 11:33,813551,157601,471570,184380,813551
2023-04-13 11:34,813560,157605,471572,184383,813560
2023-04-13 11:35,813570,157613,471572,184385,813570
2023-04-13 11:36,813580,157618,471575,184387,813580
2023-04-13 11:37,813589,157624,471575,184390,813589
2023-04-13 11:38,813599,157629,471579,184391,813599
2023-04-13 11:39,813611,157640,471579,184392,813611
2023-04-13 11:40,813620,157639,471584,184397,813620
2023-04-13 11:41,813630,157643,471584,184403,813630
2023-04-13 11:42,813639,157644,471591,184404,813639
2023-04-13 11:43,813649,157653,471591,184405,813649
2023-04-13 11:44,813659,157656,471596,184407,813659
2023-04-13 11:45,813669,157664,471596,184409,813669
2023-04-13 11:46,813679,157662,471603,184414,813679
2023-04-13 11:47,813689,157670,471603,184416,813689
2023-04-13 11:48,813701,157666,471612,184423,813701
2023-04-13 11:49,813711,157673,471612,184426,813711
2023-04-13 11:50,813721,157668,471622,184431,813721
2023-04-13 11:51,813732,157678,471622,184432,813732
2023-04-13 11:52,813742,157677,471627,184438,813742
2023-04-13 11:53,813752,157682,471627,184443,813752
2023-04-13 11:54,813764,157692,471629,184443,813764
2023-04-13 11:55,813774,157699,471629,184446,813774
2023-04-13 11:56,813785,157699,471632,184454,813785
2023-04-13 11:57,813795,157705,471632,184458,813795
2023-04-13 11:58,813808,157708,471638,184462,813808
2023-04-13 11:59,813817,157709,471638,184470,813817
2023-04-13 12:00,813835,157709,471651,184475,813835
2023-04-13 12:01,813852,157722,471651,184479,813852
2023-04-13 12:02,813871,157732,471656,184483,813871
2023-04-13 12:03,813891,157745,471658,184488,813891
2023-04-13 12:04,813910,157756,471658,184496,813910
2023-04-13 12:05,813927,157763,471667,184497,813927
2023-04-13 12:06,813946,157776,471667,184503,813946
2023-04-13 12:08,813964,157788,471668,184508,813964
2023-04-13 12:09,813986,157810,471668,184508,813986
2023-04-13 12:10,814006,157817,471676,184513,814006
2023-04-13 12:11,814024,157832,471676,184516,814024
2023-04-13 12:12,814042,157834,471688,184520,814042
2023-04-13 12:13,814062,157848,471688,184526,814062
2023-04-13 12:14,814079,157862,471688,184529,814079
2023-04-13 12:15,814097,157866,471702,184529,814097
2023-04-13 12:16,814117,157880,471704,184533,814117
2023-04-13 12:17,814136,157895,471704,184537,814136
2023-04-13 12:18,814156,157901,471715,184540,814156
2023-04-13 12:19,814173,157917,471715,184541,814173
2023-04-13 12:20,814191,157919,471728,184544,814191
2023-04-13 12:21,814210,157932,471728,184550,814210
2023-04-13 12:22,814229,157943,471735,184551,814229
2023-04-13 12:23,814246,157953,471735,184558,814246
2023-04-13 12:24,814265,157959,471740,184566,814265
2023-04-13 12:25,814284,157974,471740,184570,814284
2023-04-13 12:26,814303,157981,471748,184574,814303
2023-04-13 12:27,814321,157995,471748,184578,814321
2023-04-13 12:28,814341,158006,471750,184585,814341
2023-04-13 12:29,814362,158022,471750,184590,814362
2023-04-13 12:30,814380,158034,471755,184591,814380
2023-04-13 12:31,814400,158052,471755,184593,814400
2023-04-13 12:32,814418,158055,471765,184598,814418
2023-04-13 12:33,814438,158073,471765,184600,814438
2023-04-13 12:34,814456,158082,471773,184601,814456
2023-04-13 12:35,814473,158096,471773,184604,814473
2023-04-13 12:36,814491,158101,471784,184606,814491
2023-04-13 12:37,814510,158115,471784,184611,814510
2023-04-13 12:38,814528,158118,471796,184614,814528
2023-04-13 12:39,814546,158135,471796,184615,814546
2023-04-13 12:40,814566,158143,471801,184622,814566
2023-04-13 12:41,814584,158157,471801,184626,814584
2023-04-13 12:42,814603,158170,471804,184629,814603
2023-04-13 12:43,814622,158182,471804,184636,814622
2023-04-13 12:44,814643,158195,471808,184640,814643
2023-04-13 12:45,814662,158211,471808,184643,814662
2023-04-13 12:46,814680,158214,471818,184648,814680
2023-04-13 12:47,814698,158230,471818,184650,814698
2023-04-13 12:48,814717,158243,471821,184653,814717
2023-04-13 12:49,814736,158257,471821,184658,814736
2023-04-13 12:50,814754,158262,471831,184661,814754
2023-04-13 12:51,814776,158277,471831,184668,814776
2023-04-13 12:52,814793,158279,471843,184671,814793
2023-04-13 12:53,814814,158295,471844,184675,814814
2023-04-13 12:54,814831,158306,471844,184681,814831
2023-04-13 12:56,814850,158307,471852,184691,814850
2023-04-13 12:57,814869,158325,471852,184692,814869
2023-04-13 12:58,814886,158332,471857,184697,814886
2023-04-13 12:59,814904,158347,471857,184700,814904
